id,0,1,2,3,4,5,6,7,8,9,10,11,12
43471,-1.0057118,2.0002484,-1.2041706,2.0273445,1.7345695,1.7463553,1.565583,-0.8930425,-0.87879497,-2.079241,-0.36505997,-1.1387246,-1.48346
43460,-1.0057118,2.0002484,-1.2041706,2.0273445,1.7345695,1.7463553,1.565583,-0.8930425,-0.87879497,-2.079241,-0.36505997,-1.1387246,-1.48346
43459,-11.72014,14.852045,-9.971023,16.15699,14.166103,11.29665,11.136492,-10.963992,-8.921066,-19.885,-2.5903075,-7.735051,-10.290353
43452,-1.0057118,2.0002484,-1.2041706,2.0273445,1.7345695,1.7463553,1.565583,-0.8930425,-0.87879497,-2.079241,-0.36505997,-1.1387246,-1.48346
43451,-1.0057118,2.0002484,-1.2041706,2.0273445,1.7345695,1.7463553,1.565583,-0.8930425,-0.87879497,-2.079241,-0.36505997,-1.1387246,-1.48346
43449,-1.0057118,2.0002484,-1.2041706,2.0273445,1.7345695,1.7463553,1.565583,-0.8930425,-0.87879497,-2.079241,-0.36505997,-1.1387246,-1.48346
43447,-1.0057118,2.0002484,-1.2041706,2.0273445,1.7345695,1.7463553,1.565583,-0.8930425,-0.87879497,-2.079241,-0.36505997,-1.1387246,-1.48346
43440,-1.0057118,2.0002484,-1.2041706,2.0273445,1.7345695,1.7463553,1.565583,-0.8930425,-0.87879497,-2.079241,-0.36505997,-1.1387246,-1.48346
43439,-1.0057118,2.0002484,-1.2041706,2.0273445,1.7345695,1.7463553,1.565583,-0.8930425,-0.87879497,-2.079241,-0.36505997,-1.1387246,-1.48346
43428,-1.0057118,2.0002484,-1.2041706,2.0273445,1.7345695,1.7463553,1.565583,-0.8930425,-0.87879497,-2.079241,-0.36505997,-1.1387246,-1.48346
43427,-1.0057118,2.0002484,-1.2041706,2.0273445,1.7345695,1.7463553,1.565583,-0.8930425,-0.87879497,-2.079241,-0.36505997,-1.1387246,-1.48346
43423,-1.0057118,2.0002484,-1.2041706,2.0273445,1.7345695,1.7463553,1.565583,-0.8930425,-0.87879497,-2.079241,-0.36505997,-1.1387246,-1.48346
43422,-1.0057118,2.0002484,-1.2041706,2.0273445,1.7345695,1.7463553,1.565583,-0.8930425,-0.87879497,-2.079241,-0.36505997,-1.1387246,-1.48346
43420,-7.801212,12.721164,-8.623675,8.985297,12.6250105,10.03679,9.806509,-7.8903294,-6.926266,-10.932507,-5.0243387,-6.0613065,-12.421507
43417,-7.417596,15.71371,-8.981311,8.431836,18.81134,10.072072,10.998363,-8.989085,-7.096265,-13.0818405,-7.172617,-7.174851,-13.544803
43409,-1.0057118,2.0002484,-1.2041706,2.0273445,1.7345695,1.7463553,1.565583,-0.8930425,-0.87879497,-2.079241,-0.36505997,-1.1387246,-1.48346
43406,-1.0057118,2.0002484,-1.2041706,2.0273445,1.7345695,1.7463553,1.565583,-0.8930425,-0.87879497,-2.079241,-0.36505997,-1.1387246,-1.48346
43398,-1.0057118,2.0002484,-1.2041706,2.0273445,1.7345695,1.7463553,1.565583,-0.8930425,-0.87879497,-2.079241,-0.36505997,-1.1387246,-1.48346
43387,-1.0057118,2.0002484,-1.2041706,2.0273445,1.7345695,1.7463553,1.565583,-0.8930425,-0.87879497,-2.079241,-0.36505997,-1.1387246,-1.48346
43383,-1.0057118,2.0002484,-1.2041706,2.0273445,1.7345695,1.7463553,1.565583,-0.8930425,-0.87879497,-2.079241,-0.36505997,-1.1387246,-1.48346
43381,-1.0057118,2.0002484,-1.2041706,2.0273445,1.7345695,1.7463553,1.565583,-0.8930425,-0.87879497,-2.079241,-0.36505997,-1.1387246,-1.48346
43379,-9.882647,15.542679,-10.176032,10.492496,20.09795,14.164594,15.292265,-10.486255,-9.655593,-9.330547,-6.2682815,-8.799942,-13.072326
43369,-8.975051,11.102508,-9.836994,10.757883,14.500954,10.808381,11.18958,-11.779752,-8.177327,-13.256292,-3.1798208,-6.9678855,-6.7373934
43365,-1.0057118,2.0002484,-1.2041706,2.0273445,1.7345695,1.7463553,1.565583,-0.8930425,-0.87879497,-2.079241,-0.36505997,-1.1387246,-1.48346
43356,-9.213169,15.314564,-11.283205,11.955209,27.65687,9.785959,13.665766,-9.261126,-10.711555,-8.349873,-5.611903,-10.985556,-12.950976
43346,-1.0057118,2.0002484,-1.2041706,2.0273445,1.7345695,1.7463553,1.565583,-0.8930425,-0.87879497,-2.079241,-0.36505997,-1.1387246,-1.48346
43343,-9.17997,16.209244,-11.937035,10.3033285,21.817135,11.862684,16.146168,-11.206974,-11.231175,-9.689231,-7.1087904,-10.031802,-17.983606
43336,-1.0057118,2.0002484,-1.2041706,2.0273445,1.7345695,1.7463553,1.565583,-0.8930425,-0.87879497,-2.079241,-0.36505997,-1.1387246,-1.48346
43331,-1.0057118,2.0002484,-1.2041706,2.0273445,1.7345695,1.7463553,1.565583,-0.8930425,-0.87879497,-2.079241,-0.36505997,-1.1387246,-1.48346
43329,-1.0057118,2.0002484,-1.2041706,2.0273445,1.7345695,1.7463553,1.565583,-0.8930425,-0.87879497,-2.079241,-0.36505997,-1.1387246,-1.48346
43325,-1.0057118,2.0002484,-1.2041706,2.0273445,1.7345695,1.7463553,1.565583,-0.8930425,-0.87879497,-2.079241,-0.36505997,-1.1387246,-1.48346
43324,-1.0057118,2.0002484,-1.2041706,2.0273445,1.7345695,1.7463553,1.565583,-0.8930425,-0.87879497,-2.079241,-0.36505997,-1.1387246,-1.48346
43323,-1.0057118,2.0002484,-1.2041706,2.0273445,1.7345695,1.7463553,1.565583,-0.8930425,-0.87879497,-2.079241,-0.36505997,-1.1387246,-1.48346
43321,-18.238054,21.32562,-13.128084,14.1526165,22.74595,21.251478,20.304653,-8.585855,-13.303649,-12.120804,-10.169033,-13.94562,-13.919662
43320,-6.882669,16.46704,-4.675621,9.43143,15.108915,13.543956,15.38582,-12.531574,-11.918126,-8.288686,-4.065043,-8.581452,-14.919867
43317,-1.0057118,2.0002484,-1.2041706,2.0273445,1.7345695,1.7463553,1.565583,-0.8930425,-0.87879497,-2.079241,-0.36505997,-1.1387246,-1.48346
43304,-1.0057118,2.0002484,-1.2041706,2.0273445,1.7345695,1.7463553,1.565583,-0.8930425,-0.87879497,-2.079241,-0.36505997,-1.1387246,-1.48346
43303,-1.0057118,2.0002484,-1.2041706,2.0273445,1.7345695,1.7463553,1.565583,-0.8930425,-0.87879497,-2.079241,-0.36505997,-1.1387246,-1.48346
43302,-1.0057118,2.0002484,-1.2041706,2.0273445,1.7345695,1.7463553,1.565583,-0.8930425,-0.87879497,-2.079241,-0.36505997,-1.1387246,-1.48346
43301,-1.0057118,2.0002484,-1.2041706,2.0273445,1.7345695,1.7463553,1.565583,-0.8930425,-0.87879497,-2.079241,-0.36505997,-1.1387246,-1.48346
43300,-1.0057118,2.0002484,-1.2041706,2.0273445,1.7345695,1.7463553,1.565583,-0.8930425,-0.87879497,-2.079241,-0.36505997,-1.1387246,-1.48346
43299,-1.0057118,2.0002484,-1.2041706,2.0273445,1.7345695,1.7463553,1.565583,-0.8930425,-0.87879497,-2.079241,-0.36505997,-1.1387246,-1.48346
43295,-7.9834557,11.7446575,-8.440649,10.105561,16.166805,9.7735815,10.134222,-7.4564614,-9.403874,-6.0266085,-4.0729623,-7.0113945,-9.495318
43281,-5.944778,13.125355,-4.5253077,8.888935,14.088858,8.631801,9.425459,-5.482233,-7.943737,-7.445295,-7.014468,-6.7509747,-7.726002
43280,-1.0057118,2.0002484,-1.2041706,2.0273445,1.7345695,1.7463553,1.565583,-0.8930425,-0.87879497,-2.079241,-0.36505997,-1.1387246,-1.48346
43274,-1.0057118,2.0002484,-1.2041706,2.0273445,1.7345695,1.7463553,1.565583,-0.8930425,-0.87879497,-2.079241,-0.36505997,-1.1387246,-1.48346
43273,-1.0057118,2.0002484,-1.2041706,2.0273445,1.7345695,1.7463553,1.565583,-0.8930425,-0.87879497,-2.079241,-0.36505997,-1.1387246,-1.48346
43265,-4.2090163,12.9714155,-2.4995277,8.451487,12.569656,9.301719,10.979412,-5.9950695,-11.501422,-5.4697046,-6.5497303,-5.277248,-11.120391
43264,-11.920009,17.079418,-10.251355,13.29075,24.643568,11.7901325,15.077864,-11.86839,-14.014763,-9.72274,-4.9395046,-9.636583,-13.597116
43258,-1.0057118,2.0002484,-1.2041706,2.0273445,1.7345695,1.7463553,1.565583,-0.8930425,-0.87879497,-2.079241,-0.36505997,-1.1387246,-1.48346
43247,-7.0841475,17.302263,-6.2966585,10.2492,18.634214,12.09977,13.277952,-9.5882845,-9.610554,-9.759153,-4.86004,-7.670239,-15.707791
43241,-1.0057118,2.0002484,-1.2041706,2.0273445,1.7345695,1.7463553,1.565583,-0.8930425,-0.87879497,-2.079241,-0.36505997,-1.1387246,-1.48346
43236,-1.0057118,2.0002484,-1.2041706,2.0273445,1.7345695,1.7463553,1.565583,-0.8930425,-0.87879497,-2.079241,-0.36505997,-1.1387246,-1.48346
43235,-11.329697,17.37764,-14.878319,12.805097,26.440092,12.806548,16.647034,-13.010609,-12.801307,-10.8719845,-4.954086,-10.419833,-15.437452
43232,-1.0057118,2.0002484,-1.2041706,2.0273445,1.7345695,1.7463553,1.565583,-0.8930425,-0.87879497,-2.079241,-0.36505997,-1.1387246,-1.48346
43230,-1.0057118,2.0002484,-1.2041706,2.0273445,1.7345695,1.7463553,1.565583,-0.8930425,-0.87879497,-2.079241,-0.36505997,-1.1387246,-1.48346
43229,-1.0057118,2.0002484,-1.2041706,2.0273445,1.7345695,1.7463553,1.565583,-0.8930425,-0.87879497,-2.079241,-0.36505997,-1.1387246,-1.48346
43228,-1.0057118,2.0002484,-1.2041706,2.0273445,1.7345695,1.7463553,1.565583,-0.8930425,-0.87879497,-2.079241,-0.36505997,-1.1387246,-1.48346
43227,-1.0057118,2.0002484,-1.2041706,2.0273445,1.7345695,1.7463553,1.565583,-0.8930425,-0.87879497,-2.079241,-0.36505997,-1.1387246,-1.48346
43226,-1.0057118,2.0002484,-1.2041706,2.0273445,1.7345695,1.7463553,1.565583,-0.8930425,-0.87879497,-2.079241,-0.36505997,-1.1387246,-1.48346
43208,-1.0057118,2.0002484,-1.2041706,2.0273445,1.7345695,1.7463553,1.565583,-0.8930425,-0.87879497,-2.079241,-0.36505997,-1.1387246,-1.48346
43185,-8.094786,15.065558,-7.8062077,10.699238,11.957235,9.503919,12.562253,-10.091988,-7.3171535,-16.350084,-3.544553,-5.518105,-15.318022
43162,-1.0057118,2.0002484,-1.2041706,2.0273445,1.7345695,1.7463553,1.565583,-0.8930425,-0.87879497,-2.079241,-0.36505997,-1.1387246,-1.48346
43153,-1.0057118,2.0002484,-1.2041706,2.0273445,1.7345695,1.7463553,1.565583,-0.8930425,-0.87879497,-2.079241,-0.36505997,-1.1387246,-1.48346
43148,-8.933511,19.523365,-8.001195,11.942682,18.063547,8.225837,14.980483,-10.692255,-9.03292,-21.779072,-6.8356643,-10.852229,-14.199964
43145,-1.0057118,2.0002484,-1.2041706,2.0273445,1.7345695,1.7463553,1.565583,-0.8930425,-0.87879497,-2.079241,-0.36505997,-1.1387246,-1.48346
43138,-1.0057118,2.0002484,-1.2041706,2.0273445,1.7345695,1.7463553,1.565583,-0.8930425,-0.87879497,-2.079241,-0.36505997,-1.1387246,-1.48346
43137,-1.0057118,2.0002484,-1.2041706,2.0273445,1.7345695,1.7463553,1.565583,-0.8930425,-0.87879497,-2.079241,-0.36505997,-1.1387246,-1.48346
43132,-1.0057118,2.0002484,-1.2041706,2.0273445,1.7345695,1.7463553,1.565583,-0.8930425,-0.87879497,-2.079241,-0.36505997,-1.1387246,-1.48346
43131,-1.0057118,2.0002484,-1.2041706,2.0273445,1.7345695,1.7463553,1.565583,-0.8930425,-0.87879497,-2.079241,-0.36505997,-1.1387246,-1.48346
43128,-1.0057118,2.0002484,-1.2041706,2.0273445,1.7345695,1.7463553,1.565583,-0.8930425,-0.87879497,-2.079241,-0.36505997,-1.1387246,-1.48346
43111,-1.0057118,2.0002484,-1.2041706,2.0273445,1.7345695,1.7463553,1.565583,-0.8930425,-0.87879497,-2.079241,-0.36505997,-1.1387246,-1.48346
43105,-7.013955,12.15347,-8.092373,7.089854,13.002228,11.032944,10.63381,-6.549243,-6.466769,-7.6358247,-5.2798514,-5.320856,-9.669933
43104,-1.0057118,2.0002484,-1.2041706,2.0273445,1.7345695,1.7463553,1.565583,-0.8930425,-0.87879497,-2.079241,-0.36505997,-1.1387246,-1.48346
43102,-1.0057118,2.0002484,-1.2041706,2.0273445,1.7345695,1.7463553,1.565583,-0.8930425,-0.87879497,-2.079241,-0.36505997,-1.1387246,-1.48346
43092,-1.0057118,2.0002484,-1.2041706,2.0273445,1.7345695,1.7463553,1.565583,-0.8930425,-0.87879497,-2.079241,-0.36505997,-1.1387246,-1.48346
43087,-1.0057118,2.0002484,-1.2041706,2.0273445,1.7345695,1.7463553,1.565583,-0.8930425,-0.87879497,-2.079241,-0.36505997,-1.1387246,-1.48346
43073,-1.0057118,2.0002484,-1.2041706,2.0273445,1.7345695,1.7463553,1.565583,-0.8930425,-0.87879497,-2.079241,-0.36505997,-1.1387246,-1.48346
43072,-1.0057118,2.0002484,-1.2041706,2.0273445,1.7345695,1.7463553,1.565583,-0.8930425,-0.87879497,-2.079241,-0.36505997,-1.1387246,-1.48346
43071,-1.0057118,2.0002484,-1.2041706,2.0273445,1.7345695,1.7463553,1.565583,-0.8930425,-0.87879497,-2.079241,-0.36505997,-1.1387246,-1.48346
43060,-1.0057118,2.0002484,-1.2041706,2.0273445,1.7345695,1.7463553,1.565583,-0.8930425,-0.87879497,-2.079241,-0.36505997,-1.1387246,-1.48346
43053,-5.028963,7.967872,-5.2347016,8.83885,7.849694,13.088731,10.963979,-12.89578,-8.78627,-4.924607,-3.2913938,-3.9654593,-8.310284
43052,-1.0057118,2.0002484,-1.2041706,2.0273445,1.7345695,1.7463553,1.565583,-0.8930425,-0.87879497,-2.079241,-0.36505997,-1.1387246,-1.48346
43050,-1.0057118,2.0002484,-1.2041706,2.0273445,1.7345695,1.7463553,1.565583,-0.8930425,-0.87879497,-2.079241,-0.36505997,-1.1387246,-1.48346
43049,-5.895115,12.316355,-5.014716,8.553067,14.59315,12.078393,12.341332,-8.886492,-9.239624,-6.002585,-3.911431,-8.072155,-13.661867
43048,-1.0057118,2.0002484,-1.2041706,2.0273445,1.7345695,1.7463553,1.565583,-0.8930425,-0.87879497,-2.079241,-0.36505997,-1.1387246,-1.48346
43047,-7.9523473,10.99626,-8.489474,8.456128,17.114058,7.300409,9.597887,-8.375649,-7.4129686,-7.9498515,-3.893596,-6.2963624,-10.258967
43046,-1.0057118,2.0002484,-1.2041706,2.0273445,1.7345695,1.7463553,1.565583,-0.8930425,-0.87879497,-2.079241,-0.36505997,-1.1387246,-1.48346
43044,-10.346884,14.570471,-9.537093,11.943193,14.961746,12.47233,15.62018,-15.327761,-9.444613,-6.775032,-2.503654,-7.79811,-10.467164
43039,-1.0057118,2.0002484,-1.2041706,2.0273445,1.7345695,1.7463553,1.565583,-0.8930425,-0.87879497,-2.079241,-0.36505997,-1.1387246,-1.48346
43034,-1.0057118,2.0002484,-1.2041706,2.0273445,1.7345695,1.7463553,1.565583,-0.8930425,-0.87879497,-2.079241,-0.36505997,-1.1387246,-1.48346
43033,-1.0057118,2.0002484,-1.2041706,2.0273445,1.7345695,1.7463553,1.565583,-0.8930425,-0.87879497,-2.079241,-0.36505997,-1.1387246,-1.48346
43019,-1.0057118,2.0002484,-1.2041706,2.0273445,1.7345695,1.7463553,1.565583,-0.8930425,-0.87879497,-2.079241,-0.36505997,-1.1387246,-1.48346
43018,-1.0057118,2.0002484,-1.2041706,2.0273445,1.7345695,1.7463553,1.565583,-0.8930425,-0.87879497,-2.079241,-0.36505997,-1.1387246,-1.48346
43017,-1.0057118,2.0002484,-1.2041706,2.0273445,1.7345695,1.7463553,1.565583,-0.8930425,-0.87879497,-2.079241,-0.36505997,-1.1387246,-1.48346
43016,-1.0057118,2.0002484,-1.2041706,2.0273445,1.7345695,1.7463553,1.565583,-0.8930425,-0.87879497,-2.079241,-0.36505997,-1.1387246,-1.48346
43015,-1.0057118,2.0002484,-1.2041706,2.0273445,1.7345695,1.7463553,1.565583,-0.8930425,-0.87879497,-2.079241,-0.36505997,-1.1387246,-1.48346
43013,-7.582959,13.3611,-5.668942,8.73136,21.125929,13.005962,13.768476,-9.144115,-10.596677,-4.5621314,-4.7556057,-9.831122,-12.196853
43010,-1.0057118,2.0002484,-1.2041706,2.0273445,1.7345695,1.7463553,1.565583,-0.8930425,-0.87879497,-2.079241,-0.36505997,-1.1387246,-1.48346
43009,-1.0057118,2.0002484,-1.2041706,2.0273445,1.7345695,1.7463553,1.565583,-0.8930425,-0.87879497,-2.079241,-0.36505997,-1.1387246,-1.48346
43001,-1.0057118,2.0002484,-1.2041706,2.0273445,1.7345695,1.7463553,1.565583,-0.8930425,-0.87879497,-2.079241,-0.36505997,-1.1387246,-1.48346
42999,-10.451959,16.381401,-15.153835,12.014598,26.94125,13.459935,14.721435,-13.525892,-11.610632,-9.83615,-5.0670667,-9.581742,-14.28713
42998,-1.0057118,2.0002484,-1.2041706,2.0273445,1.7345695,1.7463553,1.565583,-0.8930425,-0.87879497,-2.079241,-0.36505997,-1.1387246,-1.48346
42997,-1.0057118,2.0002484,-1.2041706,2.0273445,1.7345695,1.7463553,1.565583,-0.8930425,-0.87879497,-2.079241,-0.36505997,-1.1387246,-1.48346
42996,-1.0057118,2.0002484,-1.2041706,2.0273445,1.7345695,1.7463553,1.565583,-0.8930425,-0.87879497,-2.079241,-0.36505997,-1.1387246,-1.48346
42989,-1.0057118,2.0002484,-1.2041706,2.0273445,1.7345695,1.7463553,1.565583,-0.8930425,-0.87879497,-2.079241,-0.36505997,-1.1387246,-1.48346
42986,-1.0057118,2.0002484,-1.2041706,2.0273445,1.7345695,1.7463553,1.565583,-0.8930425,-0.87879497,-2.079241,-0.36505997,-1.1387246,-1.48346
42983,-1.0057118,2.0002484,-1.2041706,2.0273445,1.7345695,1.7463553,1.565583,-0.8930425,-0.87879497,-2.079241,-0.36505997,-1.1387246,-1.48346
42982,-5.3124843,10.15306,-5.823623,6.897386,15.019327,8.221398,8.632984,-5.9348307,-7.468232,-4.635681,-3.8769948,-6.2598534,-9.028742
42981,-1.0057118,2.0002484,-1.2041706,2.0273445,1.7345695,1.7463553,1.565583,-0.8930425,-0.87879497,-2.079241,-0.36505997,-1.1387246,-1.48346
42978,-1.0057118,2.0002484,-1.2041706,2.0273445,1.7345695,1.7463553,1.565583,-0.8930425,-0.87879497,-2.079241,-0.36505997,-1.1387246,-1.48346
42975,-1.0057118,2.0002484,-1.2041706,2.0273445,1.7345695,1.7463553,1.565583,-0.8930425,-0.87879497,-2.079241,-0.36505997,-1.1387246,-1.48346
42973,-1.0057118,2.0002484,-1.2041706,2.0273445,1.7345695,1.7463553,1.565583,-0.8930425,-0.87879497,-2.079241,-0.36505997,-1.1387246,-1.48346
42969,-1.0057118,2.0002484,-1.2041706,2.0273445,1.7345695,1.7463553,1.565583,-0.8930425,-0.87879497,-2.079241,-0.36505997,-1.1387246,-1.48346
42967,-1.0057118,2.0002484,-1.2041706,2.0273445,1.7345695,1.7463553,1.565583,-0.8930425,-0.87879497,-2.079241,-0.36505997,-1.1387246,-1.48346
42966,-1.0057118,2.0002484,-1.2041706,2.0273445,1.7345695,1.7463553,1.565583,-0.8930425,-0.87879497,-2.079241,-0.36505997,-1.1387246,-1.48346
42965,-1.0057118,2.0002484,-1.2041706,2.0273445,1.7345695,1.7463553,1.565583,-0.8930425,-0.87879497,-2.079241,-0.36505997,-1.1387246,-1.48346
42964,-1.0057118,2.0002484,-1.2041706,2.0273445,1.7345695,1.7463553,1.565583,-0.8930425,-0.87879497,-2.079241,-0.36505997,-1.1387246,-1.48346
42963,-7.261272,10.385147,-8.509452,6.335957,11.717525,8.300988,8.59039,-4.052007,-4.2536592,-7.085841,-3.960616,-4.3984337,-7.0026965
42960,-1.0057118,2.0002484,-1.2041706,2.0273445,1.7345695,1.7463553,1.565583,-0.8930425,-0.87879497,-2.079241,-0.36505997,-1.1387246,-1.48346
42957,-1.0057118,2.0002484,-1.2041706,2.0273445,1.7345695,1.7463553,1.565583,-0.8930425,-0.87879497,-2.079241,-0.36505997,-1.1387246,-1.48346
42953,-8.052296,11.150563,-6.628526,9.608784,11.69637,8.927477,10.477982,-6.9616184,-6.753451,-9.661923,-3.8365407,-4.1631265,-8.034993
42951,-1.0057118,2.0002484,-1.2041706,2.0273445,1.7345695,1.7463553,1.565583,-0.8930425,-0.87879497,-2.079241,-0.36505997,-1.1387246,-1.48346
42947,-1.0057118,2.0002484,-1.2041706,2.0273445,1.7345695,1.7463553,1.565583,-0.8930425,-0.87879497,-2.079241,-0.36505997,-1.1387246,-1.48346
42946,-1.0057118,2.0002484,-1.2041706,2.0273445,1.7345695,1.7463553,1.565583,-0.8930425,-0.87879497,-2.079241,-0.36505997,-1.1387246,-1.48346
42937,-1.0057118,2.0002484,-1.2041706,2.0273445,1.7345695,1.7463553,1.565583,-0.8930425,-0.87879497,-2.079241,-0.36505997,-1.1387246,-1.48346
42936,-1.0057118,2.0002484,-1.2041706,2.0273445,1.7345695,1.7463553,1.565583,-0.8930425,-0.87879497,-2.079241,-0.36505997,-1.1387246,-1.48346
42922,-1.0057118,2.0002484,-1.2041706,2.0273445,1.7345695,1.7463553,1.565583,-0.8930425,-0.87879497,-2.079241,-0.36505997,-1.1387246,-1.48346
42920,-4.4978037,12.964977,-4.218862,7.4686503,14.878495,5.7335987,10.216116,-5.9957957,-6.216859,-9.591056,-7.953496,-7.429788,-7.996902
42919,-1.0057118,2.0002484,-1.2041706,2.0273445,1.7345695,1.7463553,1.565583,-0.8930425,-0.87879497,-2.079241,-0.36505997,-1.1387246,-1.48346
42916,-1.0057118,2.0002484,-1.2041706,2.0273445,1.7345695,1.7463553,1.565583,-0.8930425,-0.87879497,-2.079241,-0.36505997,-1.1387246,-1.48346
42915,-1.0057118,2.0002484,-1.2041706,2.0273445,1.7345695,1.7463553,1.565583,-0.8930425,-0.87879497,-2.079241,-0.36505997,-1.1387246,-1.48346
42897,-1.0057118,2.0002484,-1.2041706,2.0273445,1.7345695,1.7463553,1.565583,-0.8930425,-0.87879497,-2.079241,-0.36505997,-1.1387246,-1.48346
42896,-4.6686363,13.206307,-6.605313,6.277895,14.507087,6.9660397,13.2761965,-7.7983522,-5.8766704,-6.882115,-6.703674,-7.159361,-7.761404
42882,-1.0057118,2.0002484,-1.2041706,2.0273445,1.7345695,1.7463553,1.565583,-0.8930425,-0.87879497,-2.079241,-0.36505997,-1.1387246,-1.48346
42880,-4.2592235,7.6291876,-4.365645,6.0682087,8.495707,8.790145,7.535989,-5.95743,-6.0695996,-5.137134,-2.4130332,-3.9996037,-8.293227
42879,-1.0057118,2.0002484,-1.2041706,2.0273445,1.7345695,1.7463553,1.565583,-0.8930425,-0.87879497,-2.079241,-0.36505997,-1.1387246,-1.48346
42874,-1.0057118,2.0002484,-1.2041706,2.0273445,1.7345695,1.7463553,1.565583,-0.8930425,-0.87879497,-2.079241,-0.36505997,-1.1387246,-1.48346
42872,-1.0057118,2.0002484,-1.2041706,2.0273445,1.7345695,1.7463553,1.565583,-0.8930425,-0.87879497,-2.079241,-0.36505997,-1.1387246,-1.48346
42871,-8.498268,18.478268,-6.0371966,9.176851,25.052301,13.131607,18.117153,-9.417385,-13.158704,-4.536489,-7.2965302,-11.402693,-16.55361
42863,-8.261109,15.596955,-8.780443,12.926199,18.822315,16.787846,20.047077,-22.656384,-14.058568,-5.7662416,-2.2058334,-7.620291,-14.500603
42857,-9.46332,16.930346,-11.869902,12.513433,30.848082,12.382898,15.082329,-11.38681,-11.051104,-7.5682383,-4.24373,-13.073787,-13.41741
42851,-1.0057118,2.0002484,-1.2041706,2.0273445,1.7345695,1.7463553,1.565583,-0.8930425,-0.87879497,-2.079241,-0.36505997,-1.1387246,-1.48346
42850,-6.3138866,19.809458,-5.910326,10.070253,18.835432,17.647528,19.19861,-14.4879055,-13.54706,-10.737362,-4.8799987,-9.480707,-22.322598
42836,-6.750303,10.953422,-8.833944,8.250041,17.649975,6.521495,9.111361,-6.601471,-8.798986,-6.3962216,-4.227037,-7.342888,-10.138351
42835,-1.0057118,2.0002484,-1.2041706,2.0273445,1.7345695,1.7463553,1.565583,-0.8930425,-0.87879497,-2.079241,-0.36505997,-1.1387246,-1.48346
42833,-1.0057118,2.0002484,-1.2041706,2.0273445,1.7345695,1.7463553,1.565583,-0.8930425,-0.87879497,-2.079241,-0.36505997,-1.1387246,-1.48346
42824,-7.353336,10.857276,-10.80829,6.95116,11.302443,10.107873,9.646985,-6.129507,-5.9838314,-6.9653745,-3.0600355,-3.9447725,-8.70209
42820,-1.0057118,2.0002484,-1.2041706,2.0273445,1.7345695,1.7463553,1.565583,-0.8930425,-0.87879497,-2.079241,-0.36505997,-1.1387246,-1.48346
42812,-1.0057118,2.0002484,-1.2041706,2.0273445,1.7345695,1.7463553,1.565583,-0.8930425,-0.87879497,-2.079241,-0.36505997,-1.1387246,-1.48346
42804,-1.0057118,2.0002484,-1.2041706,2.0273445,1.7345695,1.7463553,1.565583,-0.8930425,-0.87879497,-2.079241,-0.36505997,-1.1387246,-1.48346
42803,-1.0057118,2.0002484,-1.2041706,2.0273445,1.7345695,1.7463553,1.565583,-0.8930425,-0.87879497,-2.079241,-0.36505997,-1.1387246,-1.48346
42802,-1.0057118,2.0002484,-1.2041706,2.0273445,1.7345695,1.7463553,1.565583,-0.8930425,-0.87879497,-2.079241,-0.36505997,-1.1387246,-1.48346
42801,-1.0057118,2.0002484,-1.2041706,2.0273445,1.7345695,1.7463553,1.565583,-0.8930425,-0.87879497,-2.079241,-0.36505997,-1.1387246,-1.48346
42789,-1.0057118,2.0002484,-1.2041706,2.0273445,1.7345695,1.7463553,1.565583,-0.8930425,-0.87879497,-2.079241,-0.36505997,-1.1387246,-1.48346
42782,-1.0057118,2.0002484,-1.2041706,2.0273445,1.7345695,1.7463553,1.565583,-0.8930425,-0.87879497,-2.079241,-0.36505997,-1.1387246,-1.48346
42780,-1.0057118,2.0002484,-1.2041706,2.0273445,1.7345695,1.7463553,1.565583,-0.8930425,-0.87879497,-2.079241,-0.36505997,-1.1387246,-1.48346
42773,-1.0057118,2.0002484,-1.2041706,2.0273445,1.7345695,1.7463553,1.565583,-0.8930425,-0.87879497,-2.079241,-0.36505997,-1.1387246,-1.48346
42769,-1.0057118,2.0002484,-1.2041706,2.0273445,1.7345695,1.7463553,1.565583,-0.8930425,-0.87879497,-2.079241,-0.36505997,-1.1387246,-1.48346
42757,-5.048819,13.421007,-4.7016344,7.8814864,19.293997,9.58123,11.910645,-6.9746294,-8.051052,-5.174582,-4.889993,-8.996874,-12.1133995
42756,-10.927311,22.874613,-13.208457,16.243656,35.554787,14.226728,20.962322,-14.367674,-13.926208,-15.841038,-7.7969093,-13.825807,-22.448572
42752,-10.233294,16.825954,-13.767422,10.466227,24.991983,11.772668,15.24683,-8.6003065,-10.854698,-10.517426,-7.574637,-9.698053,-14.856025
42736,-7.023804,14.456761,-5.8505273,10.56685,24.77791,11.704548,13.147818,-8.445618,-11.466677,-8.409965,-5.3284984,-9.912648,-15.208977
42735,-7.7318525,16.128984,-6.3043833,11.165651,23.427847,13.18118,13.49623,-9.656485,-10.048642,-11.368247,-6.1605835,-9.959443,-17.070671
42734,-11.468561,17.40377,-10.091874,11.049085,24.89975,12.185453,14.962643,-8.596723,-11.005681,-9.440349,-6.766327,-10.408605,-12.982038
42733,-1.0057118,2.0002484,-1.2041706,2.0273445,1.7345695,1.7463553,1.565583,-0.8930425,-0.87879497,-2.079241,-0.36505997,-1.1387246,-1.48346
42720,-1.0057118,2.0002484,-1.2041706,2.0273445,1.7345695,1.7463553,1.565583,-0.8930425,-0.87879497,-2.079241,-0.36505997,-1.1387246,-1.48346
42717,-1.0057118,2.0002484,-1.2041706,2.0273445,1.7345695,1.7463553,1.565583,-0.8930425,-0.87879497,-2.079241,-0.36505997,-1.1387246,-1.48346
42713,-3.8750129,7.5054593,-1.9045819,7.236869,8.577354,6.661707,5.9765153,-5.8877635,-8.067779,-4.1666355,-4.282534,-2.3270657,-6.510158
42702,-1.0057118,2.0002484,-1.2041706,2.0273445,1.7345695,1.7463553,1.565583,-0.8930425,-0.87879497,-2.079241,-0.36505997,-1.1387246,-1.48346
42700,-1.0057118,2.0002484,-1.2041706,2.0273445,1.7345695,1.7463553,1.565583,-0.8930425,-0.87879497,-2.079241,-0.36505997,-1.1387246,-1.48346
42692,-1.0057118,2.0002484,-1.2041706,2.0273445,1.7345695,1.7463553,1.565583,-0.8930425,-0.87879497,-2.079241,-0.36505997,-1.1387246,-1.48346
42689,-1.0057118,2.0002484,-1.2041706,2.0273445,1.7345695,1.7463553,1.565583,-0.8930425,-0.87879497,-2.079241,-0.36505997,-1.1387246,-1.48346
42672,-1.0057118,2.0002484,-1.2041706,2.0273445,1.7345695,1.7463553,1.565583,-0.8930425,-0.87879497,-2.079241,-0.36505997,-1.1387246,-1.48346
42669,-1.0057118,2.0002484,-1.2041706,2.0273445,1.7345695,1.7463553,1.565583,-0.8930425,-0.87879497,-2.079241,-0.36505997,-1.1387246,-1.48346
42655,-1.0057118,2.0002484,-1.2041706,2.0273445,1.7345695,1.7463553,1.565583,-0.8930425,-0.87879497,-2.079241,-0.36505997,-1.1387246,-1.48346
42653,-1.0057118,2.0002484,-1.2041706,2.0273445,1.7345695,1.7463553,1.565583,-0.8930425,-0.87879497,-2.079241,-0.36505997,-1.1387246,-1.48346
42628,-1.0057118,2.0002484,-1.2041706,2.0273445,1.7345695,1.7463553,1.565583,-0.8930425,-0.87879497,-2.079241,-0.36505997,-1.1387246,-1.48346
42627,-9.227656,14.482133,-11.335545,8.707927,24.882517,9.383754,12.4591465,-7.42217,-8.023265,-7.4693227,-4.1310935,-10.761265,-11.477347
42625,-10.492118,20.563597,-16.14703,14.158775,30.50888,15.627626,20.350199,-12.283828,-10.943453,-7.760012,-5.486193,-13.001523,-17.703642
42624,-1.0057118,2.0002484,-1.2041706,2.0273445,1.7345695,1.7463553,1.565583,-0.8930425,-0.87879497,-2.079241,-0.36505997,-1.1387246,-1.48346
42590,-1.0057118,2.0002484,-1.2041706,2.0273445,1.7345695,1.7463553,1.565583,-0.8930425,-0.87879497,-2.079241,-0.36505997,-1.1387246,-1.48346
42582,-1.0057118,2.0002484,-1.2041706,2.0273445,1.7345695,1.7463553,1.565583,-0.8930425,-0.87879497,-2.079241,-0.36505997,-1.1387246,-1.48346
42559,-1.0057118,2.0002484,-1.2041706,2.0273445,1.7345695,1.7463553,1.565583,-0.8930425,-0.87879497,-2.079241,-0.36505997,-1.1387246,-1.48346
42530,-1.0057118,2.0002484,-1.2041706,2.0273445,1.7345695,1.7463553,1.565583,-0.8930425,-0.87879497,-2.079241,-0.36505997,-1.1387246,-1.48346
42508,-6.954358,10.764957,-4.7748537,8.000789,13.510986,12.267472,12.484011,-10.366378,-10.580148,-6.549887,-3.6117377,-7.0112414,-11.618555
42507,-5.6339207,7.9930277,-5.4789004,5.9407296,8.73229,7.497958,8.102028,-4.088199,-5.7663307,-4.8053546,-3.3734045,-3.8199677,-6.524654
42503,-1.0057118,2.0002484,-1.2041706,2.0273445,1.7345695,1.7463553,1.565583,-0.8930425,-0.87879497,-2.079241,-0.36505997,-1.1387246,-1.48346
42497,-1.0057118,2.0002484,-1.2041706,2.0273445,1.7345695,1.7463553,1.565583,-0.8930425,-0.87879497,-2.079241,-0.36505997,-1.1387246,-1.48346
42495,-1.0057118,2.0002484,-1.2041706,2.0273445,1.7345695,1.7463553,1.565583,-0.8930425,-0.87879497,-2.079241,-0.36505997,-1.1387246,-1.48346
42492,-1.0057118,2.0002484,-1.2041706,2.0273445,1.7345695,1.7463553,1.565583,-0.8930425,-0.87879497,-2.079241,-0.36505997,-1.1387246,-1.48346
42490,-1.0057118,2.0002484,-1.2041706,2.0273445,1.7345695,1.7463553,1.565583,-0.8930425,-0.87879497,-2.079241,-0.36505997,-1.1387246,-1.48346
42469,-1.0057118,2.0002484,-1.2041706,2.0273445,1.7345695,1.7463553,1.565583,-0.8930425,-0.87879497,-2.079241,-0.36505997,-1.1387246,-1.48346
42463,-1.0057118,2.0002484,-1.2041706,2.0273445,1.7345695,1.7463553,1.565583,-0.8930425,-0.87879497,-2.079241,-0.36505997,-1.1387246,-1.48346
42458,-9.648794,13.377751,-11.079107,10.431147,22.634012,8.645518,10.313895,-8.379811,-10.526657,-8.8167515,-3.9811935,-9.012957,-11.654143
42451,-7.7500343,14.789266,-6.996943,11.074014,21.047956,9.371759,12.120505,-7.779488,-11.076581,-8.990839,-6.2523637,-7.6731825,-11.729865
42444,-1.0057118,2.0002484,-1.2041706,2.0273445,1.7345695,1.7463553,1.565583,-0.8930425,-0.87879497,-2.079241,-0.36505997,-1.1387246,-1.48346
42439,-1.0057118,2.0002484,-1.2041706,2.0273445,1.7345695,1.7463553,1.565583,-0.8930425,-0.87879497,-2.079241,-0.36505997,-1.1387246,-1.48346
42438,-1.0057118,2.0002484,-1.2041706,2.0273445,1.7345695,1.7463553,1.565583,-0.8930425,-0.87879497,-2.079241,-0.36505997,-1.1387246,-1.48346
42397,-1.0057118,2.0002484,-1.2041706,2.0273445,1.7345695,1.7463553,1.565583,-0.8930425,-0.87879497,-2.079241,-0.36505997,-1.1387246,-1.48346
42369,-1.0057118,2.0002484,-1.2041706,2.0273445,1.7345695,1.7463553,1.565583,-0.8930425,-0.87879497,-2.079241,-0.36505997,-1.1387246,-1.48346
42358,-6.232105,11.083179,-6.4433813,7.0536757,11.059283,8.08588,10.085665,-5.7067776,-7.034236,-7.1726236,-3.7061176,-5.516523,-8.7042465
42342,-1.0057118,2.0002484,-1.2041706,2.0273445,1.7345695,1.7463553,1.565583,-0.8930425,-0.87879497,-2.079241,-0.36505997,-1.1387246,-1.48346
42320,-1.0057118,2.0002484,-1.2041706,2.0273445,1.7345695,1.7463553,1.565583,-0.8930425,-0.87879497,-2.079241,-0.36505997,-1.1387246,-1.48346
42319,-1.0057118,2.0002484,-1.2041706,2.0273445,1.7345695,1.7463553,1.565583,-0.8930425,-0.87879497,-2.079241,-0.36505997,-1.1387246,-1.48346
42315,-1.0057118,2.0002484,-1.2041706,2.0273445,1.7345695,1.7463553,1.565583,-0.8930425,-0.87879497,-2.079241,-0.36505997,-1.1387246,-1.48346
42312,-1.0057118,2.0002484,-1.2041706,2.0273445,1.7345695,1.7463553,1.565583,-0.8930425,-0.87879497,-2.079241,-0.36505997,-1.1387246,-1.48346
42311,-1.0057118,2.0002484,-1.2041706,2.0273445,1.7345695,1.7463553,1.565583,-0.8930425,-0.87879497,-2.079241,-0.36505997,-1.1387246,-1.48346
42307,-1.0057118,2.0002484,-1.2041706,2.0273445,1.7345695,1.7463553,1.565583,-0.8930425,-0.87879497,-2.079241,-0.36505997,-1.1387246,-1.48346
42298,-1.0057118,2.0002484,-1.2041706,2.0273445,1.7345695,1.7463553,1.565583,-0.8930425,-0.87879497,-2.079241,-0.36505997,-1.1387246,-1.48346
42291,-7.255228,16.001144,-7.4898343,12.076024,26.916334,13.2965,11.643399,-12.245393,-10.741587,-11.025221,-4.1128416,-10.213054,-14.390751
42256,-1.0057118,2.0002484,-1.2041706,2.0273445,1.7345695,1.7463553,1.565583,-0.8930425,-0.87879497,-2.079241,-0.36505997,-1.1387246,-1.48346
42226,-1.0057118,2.0002484,-1.2041706,2.0273445,1.7345695,1.7463553,1.565583,-0.8930425,-0.87879497,-2.079241,-0.36505997,-1.1387246,-1.48346
42213,-1.0057118,2.0002484,-1.2041706,2.0273445,1.7345695,1.7463553,1.565583,-0.8930425,-0.87879497,-2.079241,-0.36505997,-1.1387246,-1.48346
42181,-1.0057118,2.0002484,-1.2041706,2.0273445,1.7345695,1.7463553,1.565583,-0.8930425,-0.87879497,-2.079241,-0.36505997,-1.1387246,-1.48346
42180,-1.0057118,2.0002484,-1.2041706,2.0273445,1.7345695,1.7463553,1.565583,-0.8930425,-0.87879497,-2.079241,-0.36505997,-1.1387246,-1.48346
42177,-9.342923,19.00268,-9.365352,13.837415,32.038113,12.759879,15.639709,-9.706412,-13.647754,-8.083584,-6.5542836,-14.65608,-13.750709
42172,-1.0057118,2.0002484,-1.2041706,2.0273445,1.7345695,1.7463553,1.565583,-0.8930425,-0.87879497,-2.079241,-0.36505997,-1.1387246,-1.48346
42154,-1.0057118,2.0002484,-1.2041706,2.0273445,1.7345695,1.7463553,1.565583,-0.8930425,-0.87879497,-2.079241,-0.36505997,-1.1387246,-1.48346
42151,-1.0057118,2.0002484,-1.2041706,2.0273445,1.7345695,1.7463553,1.565583,-0.8930425,-0.87879497,-2.079241,-0.36505997,-1.1387246,-1.48346
42129,-1.0057118,2.0002484,-1.2041706,2.0273445,1.7345695,1.7463553,1.565583,-0.8930425,-0.87879497,-2.079241,-0.36505997,-1.1387246,-1.48346
42128,-7.3434534,13.435513,-9.701626,6.557845,15.285883,7.4619026,10.186269,-7.184265,-6.5852833,-8.397984,-4.436876,-7.1834,-12.886574
42123,-5.0447855,10.609926,-4.270305,6.864031,13.018898,9.672362,9.369373,-7.1030965,-8.054868,-5.257893,-3.514739,-8.310369,-11.523113
42118,-1.0057118,2.0002484,-1.2041706,2.0273445,1.7345695,1.7463553,1.565583,-0.8930425,-0.87879497,-2.079241,-0.36505997,-1.1387246,-1.48346
42106,-1.0057118,2.0002484,-1.2041706,2.0273445,1.7345695,1.7463553,1.565583,-0.8930425,-0.87879497,-2.079241,-0.36505997,-1.1387246,-1.48346
42105,-7.1566544,11.557005,-8.828881,7.4852977,16.138824,7.481995,10.467037,-4.504399,-6.5539813,-6.3688626,-4.2187486,-6.5553117,-10.127512
42099,-1.0057118,2.0002484,-1.2041706,2.0273445,1.7345695,1.7463553,1.565583,-0.8930425,-0.87879497,-2.079241,-0.36505997,-1.1387246,-1.48346
42084,-6.008013,10.222908,-8.409605,7.023438,11.731131,11.000924,9.37619,-6.393326,-5.9325857,-6.3093843,-3.5403237,-5.0088763,-9.084697
42073,-6.352421,11.004635,-7.362823,5.6111517,9.37699,9.882561,10.202832,-4.518799,-4.49197,-6.0395412,-4.009559,-3.9464266,-9.415468
42068,-6.658476,10.971182,-7.047932,6.466468,12.690815,10.162593,9.835406,-6.4057555,-7.4227514,-6.194291,-2.754284,-4.089586,-9.174486
42065,-4.6735,8.956829,-6.7637796,6.3528214,11.22634,7.5674,8.677938,-5.039093,-4.9533525,-5.6557164,-3.1935842,-3.8603642,-8.448795
42064,-5.142042,15.688798,-6.211237,9.316752,14.178719,12.460621,13.300948,-5.2182717,-7.476583,-6.4002404,-4.59513,-7.1377945,-13.389027
42043,-1.0057118,2.0002484,-1.2041706,2.0273445,1.7345695,1.7463553,1.565583,-0.8930425,-0.87879497,-2.079241,-0.36505997,-1.1387246,-1.48346
42042,-1.0057118,2.0002484,-1.2041706,2.0273445,1.7345695,1.7463553,1.565583,-0.8930425,-0.87879497,-2.079241,-0.36505997,-1.1387246,-1.48346
42031,-1.0057118,2.0002484,-1.2041706,2.0273445,1.7345695,1.7463553,1.565583,-0.8930425,-0.87879497,-2.079241,-0.36505997,-1.1387246,-1.48346
42004,-1.0057118,2.0002484,-1.2041706,2.0273445,1.7345695,1.7463553,1.565583,-0.8930425,-0.87879497,-2.079241,-0.36505997,-1.1387246,-1.48346
42003,-1.0057118,2.0002484,-1.2041706,2.0273445,1.7345695,1.7463553,1.565583,-0.8930425,-0.87879497,-2.079241,-0.36505997,-1.1387246,-1.48346
42001,-1.0057118,2.0002484,-1.2041706,2.0273445,1.7345695,1.7463553,1.565583,-0.8930425,-0.87879497,-2.079241,-0.36505997,-1.1387246,-1.48346
41998,-1.0057118,2.0002484,-1.2041706,2.0273445,1.7345695,1.7463553,1.565583,-0.8930425,-0.87879497,-2.079241,-0.36505997,-1.1387246,-1.48346
41997,-1.0057118,2.0002484,-1.2041706,2.0273445,1.7345695,1.7463553,1.565583,-0.8930425,-0.87879497,-2.079241,-0.36505997,-1.1387246,-1.48346
41993,-1.0057118,2.0002484,-1.2041706,2.0273445,1.7345695,1.7463553,1.565583,-0.8930425,-0.87879497,-2.079241,-0.36505997,-1.1387246,-1.48346
41991,-1.0057118,2.0002484,-1.2041706,2.0273445,1.7345695,1.7463553,1.565583,-0.8930425,-0.87879497,-2.079241,-0.36505997,-1.1387246,-1.48346
41974,-1.0057118,2.0002484,-1.2041706,2.0273445,1.7345695,1.7463553,1.565583,-0.8930425,-0.87879497,-2.079241,-0.36505997,-1.1387246,-1.48346
41972,-1.0057118,2.0002484,-1.2041706,2.0273445,1.7345695,1.7463553,1.565583,-0.8930425,-0.87879497,-2.079241,-0.36505997,-1.1387246,-1.48346
41965,-1.0057118,2.0002484,-1.2041706,2.0273445,1.7345695,1.7463553,1.565583,-0.8930425,-0.87879497,-2.079241,-0.36505997,-1.1387246,-1.48346
41955,-1.0057118,2.0002484,-1.2041706,2.0273445,1.7345695,1.7463553,1.565583,-0.8930425,-0.87879497,-2.079241,-0.36505997,-1.1387246,-1.48346
41953,-7.5171256,14.98627,-6.756583,8.641315,15.162775,9.889593,11.728405,-5.454838,-9.07388,-6.8190494,-5.15811,-7.486218,-12.456364
41952,-1.0057118,2.0002484,-1.2041706,2.0273445,1.7345695,1.7463553,1.565583,-0.8930425,-0.87879497,-2.079241,-0.36505997,-1.1387246,-1.48346
41950,-1.0057118,2.0002484,-1.2041706,2.0273445,1.7345695,1.7463553,1.565583,-0.8930425,-0.87879497,-2.079241,-0.36505997,-1.1387246,-1.48346
41949,-1.0057118,2.0002484,-1.2041706,2.0273445,1.7345695,1.7463553,1.565583,-0.8930425,-0.87879497,-2.079241,-0.36505997,-1.1387246,-1.48346
41947,-1.0057118,2.0002484,-1.2041706,2.0273445,1.7345695,1.7463553,1.565583,-0.8930425,-0.87879497,-2.079241,-0.36505997,-1.1387246,-1.48346
41945,-1.0057118,2.0002484,-1.2041706,2.0273445,1.7345695,1.7463553,1.565583,-0.8930425,-0.87879497,-2.079241,-0.36505997,-1.1387246,-1.48346
41944,-1.0057118,2.0002484,-1.2041706,2.0273445,1.7345695,1.7463553,1.565583,-0.8930425,-0.87879497,-2.079241,-0.36505997,-1.1387246,-1.48346
41941,-1.0057118,2.0002484,-1.2041706,2.0273445,1.7345695,1.7463553,1.565583,-0.8930425,-0.87879497,-2.079241,-0.36505997,-1.1387246,-1.48346
41936,-1.0057118,2.0002484,-1.2041706,2.0273445,1.7345695,1.7463553,1.565583,-0.8930425,-0.87879497,-2.079241,-0.36505997,-1.1387246,-1.48346
41935,-1.0057118,2.0002484,-1.2041706,2.0273445,1.7345695,1.7463553,1.565583,-0.8930425,-0.87879497,-2.079241,-0.36505997,-1.1387246,-1.48346
41932,-1.0057118,2.0002484,-1.2041706,2.0273445,1.7345695,1.7463553,1.565583,-0.8930425,-0.87879497,-2.079241,-0.36505997,-1.1387246,-1.48346
41926,-1.0057118,2.0002484,-1.2041706,2.0273445,1.7345695,1.7463553,1.565583,-0.8930425,-0.87879497,-2.079241,-0.36505997,-1.1387246,-1.48346
41925,-1.0057118,2.0002484,-1.2041706,2.0273445,1.7345695,1.7463553,1.565583,-0.8930425,-0.87879497,-2.079241,-0.36505997,-1.1387246,-1.48346
41924,-1.0057118,2.0002484,-1.2041706,2.0273445,1.7345695,1.7463553,1.565583,-0.8930425,-0.87879497,-2.079241,-0.36505997,-1.1387246,-1.48346
41922,-1.0057118,2.0002484,-1.2041706,2.0273445,1.7345695,1.7463553,1.565583,-0.8930425,-0.87879497,-2.079241,-0.36505997,-1.1387246,-1.48346
41921,-1.0057118,2.0002484,-1.2041706,2.0273445,1.7345695,1.7463553,1.565583,-0.8930425,-0.87879497,-2.079241,-0.36505997,-1.1387246,-1.48346
41919,-1.0057118,2.0002484,-1.2041706,2.0273445,1.7345695,1.7463553,1.565583,-0.8930425,-0.87879497,-2.079241,-0.36505997,-1.1387246,-1.48346
41917,-1.0057118,2.0002484,-1.2041706,2.0273445,1.7345695,1.7463553,1.565583,-0.8930425,-0.87879497,-2.079241,-0.36505997,-1.1387246,-1.48346
41911,-1.0057118,2.0002484,-1.2041706,2.0273445,1.7345695,1.7463553,1.565583,-0.8930425,-0.87879497,-2.079241,-0.36505997,-1.1387246,-1.48346
41910,-1.0057118,2.0002484,-1.2041706,2.0273445,1.7345695,1.7463553,1.565583,-0.8930425,-0.87879497,-2.079241,-0.36505997,-1.1387246,-1.48346
41909,-1.0057118,2.0002484,-1.2041706,2.0273445,1.7345695,1.7463553,1.565583,-0.8930425,-0.87879497,-2.079241,-0.36505997,-1.1387246,-1.48346
41904,-1.0057118,2.0002484,-1.2041706,2.0273445,1.7345695,1.7463553,1.565583,-0.8930425,-0.87879497,-2.079241,-0.36505997,-1.1387246,-1.48346
41903,-1.0057118,2.0002484,-1.2041706,2.0273445,1.7345695,1.7463553,1.565583,-0.8930425,-0.87879497,-2.079241,-0.36505997,-1.1387246,-1.48346
41890,-8.306756,11.602038,-6.532405,9.911318,10.3765,12.231627,11.466838,-6.6271152,-9.567686,-6.2214932,-4.4394817,-5.528749,-7.981022
41882,-1.0057118,2.0002484,-1.2041706,2.0273445,1.7345695,1.7463553,1.565583,-0.8930425,-0.87879497,-2.079241,-0.36505997,-1.1387246,-1.48346
41880,-1.0057118,2.0002484,-1.2041706,2.0273445,1.7345695,1.7463553,1.565583,-0.8930425,-0.87879497,-2.079241,-0.36505997,-1.1387246,-1.48346
41877,-1.0057118,2.0002484,-1.2041706,2.0273445,1.7345695,1.7463553,1.565583,-0.8930425,-0.87879497,-2.079241,-0.36505997,-1.1387246,-1.48346
41875,-1.0057118,2.0002484,-1.2041706,2.0273445,1.7345695,1.7463553,1.565583,-0.8930425,-0.87879497,-2.079241,-0.36505997,-1.1387246,-1.48346
41870,-1.0057118,2.0002484,-1.2041706,2.0273445,1.7345695,1.7463553,1.565583,-0.8930425,-0.87879497,-2.079241,-0.36505997,-1.1387246,-1.48346
41869,-1.0057118,2.0002484,-1.2041706,2.0273445,1.7345695,1.7463553,1.565583,-0.8930425,-0.87879497,-2.079241,-0.36505997,-1.1387246,-1.48346
41866,-1.0057118,2.0002484,-1.2041706,2.0273445,1.7345695,1.7463553,1.565583,-0.8930425,-0.87879497,-2.079241,-0.36505997,-1.1387246,-1.48346
41862,-1.0057118,2.0002484,-1.2041706,2.0273445,1.7345695,1.7463553,1.565583,-0.8930425,-0.87879497,-2.079241,-0.36505997,-1.1387246,-1.48346
41861,-1.0057118,2.0002484,-1.2041706,2.0273445,1.7345695,1.7463553,1.565583,-0.8930425,-0.87879497,-2.079241,-0.36505997,-1.1387246,-1.48346
41842,-1.0057118,2.0002484,-1.2041706,2.0273445,1.7345695,1.7463553,1.565583,-0.8930425,-0.87879497,-2.079241,-0.36505997,-1.1387246,-1.48346
41832,-1.0057118,2.0002484,-1.2041706,2.0273445,1.7345695,1.7463553,1.565583,-0.8930425,-0.87879497,-2.079241,-0.36505997,-1.1387246,-1.48346
41820,-1.0057118,2.0002484,-1.2041706,2.0273445,1.7345695,1.7463553,1.565583,-0.8930425,-0.87879497,-2.079241,-0.36505997,-1.1387246,-1.48346
41817,-1.0057118,2.0002484,-1.2041706,2.0273445,1.7345695,1.7463553,1.565583,-0.8930425,-0.87879497,-2.079241,-0.36505997,-1.1387246,-1.48346
41816,-1.0057118,2.0002484,-1.2041706,2.0273445,1.7345695,1.7463553,1.565583,-0.8930425,-0.87879497,-2.079241,-0.36505997,-1.1387246,-1.48346
41815,-1.0057118,2.0002484,-1.2041706,2.0273445,1.7345695,1.7463553,1.565583,-0.8930425,-0.87879497,-2.079241,-0.36505997,-1.1387246,-1.48346
41814,-1.0057118,2.0002484,-1.2041706,2.0273445,1.7345695,1.7463553,1.565583,-0.8930425,-0.87879497,-2.079241,-0.36505997,-1.1387246,-1.48346
41808,-1.0057118,2.0002484,-1.2041706,2.0273445,1.7345695,1.7463553,1.565583,-0.8930425,-0.87879497,-2.079241,-0.36505997,-1.1387246,-1.48346
41807,-1.0057118,2.0002484,-1.2041706,2.0273445,1.7345695,1.7463553,1.565583,-0.8930425,-0.87879497,-2.079241,-0.36505997,-1.1387246,-1.48346
41805,-1.0057118,2.0002484,-1.2041706,2.0273445,1.7345695,1.7463553,1.565583,-0.8930425,-0.87879497,-2.079241,-0.36505997,-1.1387246,-1.48346
41802,-1.0057118,2.0002484,-1.2041706,2.0273445,1.7345695,1.7463553,1.565583,-0.8930425,-0.87879497,-2.079241,-0.36505997,-1.1387246,-1.48346
41798,-1.0057118,2.0002484,-1.2041706,2.0273445,1.7345695,1.7463553,1.565583,-0.8930425,-0.87879497,-2.079241,-0.36505997,-1.1387246,-1.48346
41794,-1.0057118,2.0002484,-1.2041706,2.0273445,1.7345695,1.7463553,1.565583,-0.8930425,-0.87879497,-2.079241,-0.36505997,-1.1387246,-1.48346
41792,-12.396918,17.592644,-14.349496,12.029525,24.472754,15.361326,15.571581,-12.253001,-11.044518,-10.164847,-5.9515996,-10.344405,-12.136877
41784,-1.0057118,2.0002484,-1.2041706,2.0273445,1.7345695,1.7463553,1.565583,-0.8930425,-0.87879497,-2.079241,-0.36505997,-1.1387246,-1.48346
41783,-1.0057118,2.0002484,-1.2041706,2.0273445,1.7345695,1.7463553,1.565583,-0.8930425,-0.87879497,-2.079241,-0.36505997,-1.1387246,-1.48346
41775,-1.0057118,2.0002484,-1.2041706,2.0273445,1.7345695,1.7463553,1.565583,-0.8930425,-0.87879497,-2.079241,-0.36505997,-1.1387246,-1.48346
41772,-1.0057118,2.0002484,-1.2041706,2.0273445,1.7345695,1.7463553,1.565583,-0.8930425,-0.87879497,-2.079241,-0.36505997,-1.1387246,-1.48346
41768,-1.0057118,2.0002484,-1.2041706,2.0273445,1.7345695,1.7463553,1.565583,-0.8930425,-0.87879497,-2.079241,-0.36505997,-1.1387246,-1.48346
41766,-1.0057118,2.0002484,-1.2041706,2.0273445,1.7345695,1.7463553,1.565583,-0.8930425,-0.87879497,-2.079241,-0.36505997,-1.1387246,-1.48346
41765,-1.0057118,2.0002484,-1.2041706,2.0273445,1.7345695,1.7463553,1.565583,-0.8930425,-0.87879497,-2.079241,-0.36505997,-1.1387246,-1.48346
41764,-1.0057118,2.0002484,-1.2041706,2.0273445,1.7345695,1.7463553,1.565583,-0.8930425,-0.87879497,-2.079241,-0.36505997,-1.1387246,-1.48346
41761,-5.270043,10.712945,-6.4664974,10.308092,16.22958,11.716695,13.297279,-13.105673,-13.947485,-4.670639,-4.1641245,-6.0471897,-9.800245
41745,-1.0057118,2.0002484,-1.2041706,2.0273445,1.7345695,1.7463553,1.565583,-0.8930425,-0.87879497,-2.079241,-0.36505997,-1.1387246,-1.48346
41740,-1.0057118,2.0002484,-1.2041706,2.0273445,1.7345695,1.7463553,1.565583,-0.8930425,-0.87879497,-2.079241,-0.36505997,-1.1387246,-1.48346
41737,-1.0057118,2.0002484,-1.2041706,2.0273445,1.7345695,1.7463553,1.565583,-0.8930425,-0.87879497,-2.079241,-0.36505997,-1.1387246,-1.48346
41727,-1.0057118,2.0002484,-1.2041706,2.0273445,1.7345695,1.7463553,1.565583,-0.8930425,-0.87879497,-2.079241,-0.36505997,-1.1387246,-1.48346
41721,-7.022994,11.373439,-6.68263,7.3591847,9.213661,11.537077,11.662408,-6.583822,-6.8181953,-7.8292766,-4.3812833,-5.663811,-10.368895
41710,-1.0057118,2.0002484,-1.2041706,2.0273445,1.7345695,1.7463553,1.565583,-0.8930425,-0.87879497,-2.079241,-0.36505997,-1.1387246,-1.48346
41708,-1.0057118,2.0002484,-1.2041706,2.0273445,1.7345695,1.7463553,1.565583,-0.8930425,-0.87879497,-2.079241,-0.36505997,-1.1387246,-1.48346
41707,-8.527421,13.654792,-9.262359,9.85158,20.339695,7.2707915,11.868308,-7.811332,-9.091647,-9.734585,-5.6316414,-7.7918983,-11.412627
41706,-1.0057118,2.0002484,-1.2041706,2.0273445,1.7345695,1.7463553,1.565583,-0.8930425,-0.87879497,-2.079241,-0.36505997,-1.1387246,-1.48346
41705,-1.0057118,2.0002484,-1.2041706,2.0273445,1.7345695,1.7463553,1.565583,-0.8930425,-0.87879497,-2.079241,-0.36505997,-1.1387246,-1.48346
41703,-1.0057118,2.0002484,-1.2041706,2.0273445,1.7345695,1.7463553,1.565583,-0.8930425,-0.87879497,-2.079241,-0.36505997,-1.1387246,-1.48346
41702,-11.812488,18.806776,-12.32656,17.962698,20.024721,11.193272,14.514263,-8.895883,-8.249553,-22.646494,-5.5399404,-8.917774,-12.389609
41700,-6.5016704,11.568605,-10.509734,5.4619884,11.543994,9.071105,10.66805,-6.089508,-4.4629903,-6.1202292,-1.5465581,-4.0911427,-9.286259
41698,-1.0057118,2.0002484,-1.2041706,2.0273445,1.7345695,1.7463553,1.565583,-0.8930425,-0.87879497,-2.079241,-0.36505997,-1.1387246,-1.48346
41694,-1.0057118,2.0002484,-1.2041706,2.0273445,1.7345695,1.7463553,1.565583,-0.8930425,-0.87879497,-2.079241,-0.36505997,-1.1387246,-1.48346
41691,-1.0057118,2.0002484,-1.2041706,2.0273445,1.7345695,1.7463553,1.565583,-0.8930425,-0.87879497,-2.079241,-0.36505997,-1.1387246,-1.48346
41690,-1.0057118,2.0002484,-1.2041706,2.0273445,1.7345695,1.7463553,1.565583,-0.8930425,-0.87879497,-2.079241,-0.36505997,-1.1387246,-1.48346
41676,-3.4230113,11.21583,-1.3026187,6.042738,10.747475,7.7467985,8.092952,-3.367784,-7.1695905,-4.4900255,-5.325441,-6.122562,-7.92326
41673,-4.166354,7.0096526,-2.671579,6.2778945,7.252544,6.378233,7.6934524,-4.693909,-6.489564,-2.917915,-2.2276168,-3.3113008,-6.1367307
41670,-1.0057118,2.0002484,-1.2041706,2.0273445,1.7345695,1.7463553,1.565583,-0.8930425,-0.87879497,-2.079241,-0.36505997,-1.1387246,-1.48346
41669,-8.379964,13.9534025,-7.91606,10.449717,21.647917,11.603669,12.449675,-8.519499,-9.326125,-9.550231,-4.775137,-8.65499,-13.592878
41665,-1.0057118,2.0002484,-1.2041706,2.0273445,1.7345695,1.7463553,1.565583,-0.8930425,-0.87879497,-2.079241,-0.36505997,-1.1387246,-1.48346
41661,-1.0057118,2.0002484,-1.2041706,2.0273445,1.7345695,1.7463553,1.565583,-0.8930425,-0.87879497,-2.079241,-0.36505997,-1.1387246,-1.48346
41660,-1.0057118,2.0002484,-1.2041706,2.0273445,1.7345695,1.7463553,1.565583,-0.8930425,-0.87879497,-2.079241,-0.36505997,-1.1387246,-1.48346
41646,-1.0057118,2.0002484,-1.2041706,2.0273445,1.7345695,1.7463553,1.565583,-0.8930425,-0.87879497,-2.079241,-0.36505997,-1.1387246,-1.48346
41632,-1.0057118,2.0002484,-1.2041706,2.0273445,1.7345695,1.7463553,1.565583,-0.8930425,-0.87879497,-2.079241,-0.36505997,-1.1387246,-1.48346
41627,-1.0057118,2.0002484,-1.2041706,2.0273445,1.7345695,1.7463553,1.565583,-0.8930425,-0.87879497,-2.079241,-0.36505997,-1.1387246,-1.48346
41626,-1.0057118,2.0002484,-1.2041706,2.0273445,1.7345695,1.7463553,1.565583,-0.8930425,-0.87879497,-2.079241,-0.36505997,-1.1387246,-1.48346
41624,-1.0057118,2.0002484,-1.2041706,2.0273445,1.7345695,1.7463553,1.565583,-0.8930425,-0.87879497,-2.079241,-0.36505997,-1.1387246,-1.48346
41623,-1.0057118,2.0002484,-1.2041706,2.0273445,1.7345695,1.7463553,1.565583,-0.8930425,-0.87879497,-2.079241,-0.36505997,-1.1387246,-1.48346
41622,-1.0057118,2.0002484,-1.2041706,2.0273445,1.7345695,1.7463553,1.565583,-0.8930425,-0.87879497,-2.079241,-0.36505997,-1.1387246,-1.48346
41619,-1.0057118,2.0002484,-1.2041706,2.0273445,1.7345695,1.7463553,1.565583,-0.8930425,-0.87879497,-2.079241,-0.36505997,-1.1387246,-1.48346
41616,-1.0057118,2.0002484,-1.2041706,2.0273445,1.7345695,1.7463553,1.565583,-0.8930425,-0.87879497,-2.079241,-0.36505997,-1.1387246,-1.48346
41611,-1.0057118,2.0002484,-1.2041706,2.0273445,1.7345695,1.7463553,1.565583,-0.8930425,-0.87879497,-2.079241,-0.36505997,-1.1387246,-1.48346
41610,-1.0057118,2.0002484,-1.2041706,2.0273445,1.7345695,1.7463553,1.565583,-0.8930425,-0.87879497,-2.079241,-0.36505997,-1.1387246,-1.48346
41609,-1.0057118,2.0002484,-1.2041706,2.0273445,1.7345695,1.7463553,1.565583,-0.8930425,-0.87879497,-2.079241,-0.36505997,-1.1387246,-1.48346
41607,-1.0057118,2.0002484,-1.2041706,2.0273445,1.7345695,1.7463553,1.565583,-0.8930425,-0.87879497,-2.079241,-0.36505997,-1.1387246,-1.48346
41605,-6.580333,19.522745,-7.758125,14.788488,26.241064,14.427332,15.16888,-10.02964,-10.598424,-12.528743,-8.461827,-12.675209,-19.492281
41598,-1.0057118,2.0002484,-1.2041706,2.0273445,1.7345695,1.7463553,1.565583,-0.8930425,-0.87879497,-2.079241,-0.36505997,-1.1387246,-1.48346
41597,-1.0057118,2.0002484,-1.2041706,2.0273445,1.7345695,1.7463553,1.565583,-0.8930425,-0.87879497,-2.079241,-0.36505997,-1.1387246,-1.48346
41596,-1.0057118,2.0002484,-1.2041706,2.0273445,1.7345695,1.7463553,1.565583,-0.8930425,-0.87879497,-2.079241,-0.36505997,-1.1387246,-1.48346
41595,-1.0057118,2.0002484,-1.2041706,2.0273445,1.7345695,1.7463553,1.565583,-0.8930425,-0.87879497,-2.079241,-0.36505997,-1.1387246,-1.48346
41594,-1.0057118,2.0002484,-1.2041706,2.0273445,1.7345695,1.7463553,1.565583,-0.8930425,-0.87879497,-2.079241,-0.36505997,-1.1387246,-1.48346
41593,-7.9622126,21.193472,-3.4742157,9.694226,17.475245,13.0998745,18.627544,-7.4264727,-9.398651,-8.306227,-6.282931,-9.487995,-19.921564
41578,-5.0072207,12.15301,-5.0624757,9.10281,15.084631,10.640693,10.876383,-7.4921265,-7.0129743,-8.79657,-5.4639378,-6.627031,-13.54427
41576,-1.0057118,2.0002484,-1.2041706,2.0273445,1.7345695,1.7463553,1.565583,-0.8930425,-0.87879497,-2.079241,-0.36505997,-1.1387246,-1.48346
41575,-12.867213,17.911488,-16.056732,11.986018,29.18952,14.810428,16.40211,-10.589295,-11.978055,-10.273784,-4.472927,-10.967123,-13.811613
41573,-1.0057118,2.0002484,-1.2041706,2.0273445,1.7345695,1.7463553,1.565583,-0.8930425,-0.87879497,-2.079241,-0.36505997,-1.1387246,-1.48346
41571,-1.0057118,2.0002484,-1.2041706,2.0273445,1.7345695,1.7463553,1.565583,-0.8930425,-0.87879497,-2.079241,-0.36505997,-1.1387246,-1.48346
41569,-1.0057118,2.0002484,-1.2041706,2.0273445,1.7345695,1.7463553,1.565583,-0.8930425,-0.87879497,-2.079241,-0.36505997,-1.1387246,-1.48346
41565,-1.0057118,2.0002484,-1.2041706,2.0273445,1.7345695,1.7463553,1.565583,-0.8930425,-0.87879497,-2.079241,-0.36505997,-1.1387246,-1.48346
41561,-1.0057118,2.0002484,-1.2041706,2.0273445,1.7345695,1.7463553,1.565583,-0.8930425,-0.87879497,-2.079241,-0.36505997,-1.1387246,-1.48346
41560,-1.0057118,2.0002484,-1.2041706,2.0273445,1.7345695,1.7463553,1.565583,-0.8930425,-0.87879497,-2.079241,-0.36505997,-1.1387246,-1.48346
41559,-1.0057118,2.0002484,-1.2041706,2.0273445,1.7345695,1.7463553,1.565583,-0.8930425,-0.87879497,-2.079241,-0.36505997,-1.1387246,-1.48346
41523,-7.4926357,11.768588,-7.070448,8.559309,13.557014,7.8270073,11.628215,-8.504992,-8.439706,-6.036607,-2.7802248,-5.7655444,-11.130545
41522,-1.0057118,2.0002484,-1.2041706,2.0273445,1.7345695,1.7463553,1.565583,-0.8930425,-0.87879497,-2.079241,-0.36505997,-1.1387246,-1.48346
41509,-1.0057118,2.0002484,-1.2041706,2.0273445,1.7345695,1.7463553,1.565583,-0.8930425,-0.87879497,-2.079241,-0.36505997,-1.1387246,-1.48346
41508,-1.0057118,2.0002484,-1.2041706,2.0273445,1.7345695,1.7463553,1.565583,-0.8930425,-0.87879497,-2.079241,-0.36505997,-1.1387246,-1.48346
41500,-1.0057118,2.0002484,-1.2041706,2.0273445,1.7345695,1.7463553,1.565583,-0.8930425,-0.87879497,-2.079241,-0.36505997,-1.1387246,-1.48346
41487,-9.747503,18.511322,-8.012993,9.796333,24.685574,10.555163,14.979303,-9.739558,-10.108393,-12.236695,-6.772645,-8.374459,-16.837332
41480,-1.0057118,2.0002484,-1.2041706,2.0273445,1.7345695,1.7463553,1.565583,-0.8930425,-0.87879497,-2.079241,-0.36505997,-1.1387246,-1.48346
41479,-1.0057118,2.0002484,-1.2041706,2.0273445,1.7345695,1.7463553,1.565583,-0.8930425,-0.87879497,-2.079241,-0.36505997,-1.1387246,-1.48346
41461,-1.0057118,2.0002484,-1.2041706,2.0273445,1.7345695,1.7463553,1.565583,-0.8930425,-0.87879497,-2.079241,-0.36505997,-1.1387246,-1.48346
41457,-1.0057118,2.0002484,-1.2041706,2.0273445,1.7345695,1.7463553,1.565583,-0.8930425,-0.87879497,-2.079241,-0.36505997,-1.1387246,-1.48346
41454,-1.0057118,2.0002484,-1.2041706,2.0273445,1.7345695,1.7463553,1.565583,-0.8930425,-0.87879497,-2.079241,-0.36505997,-1.1387246,-1.48346
41451,-1.0057118,2.0002484,-1.2041706,2.0273445,1.7345695,1.7463553,1.565583,-0.8930425,-0.87879497,-2.079241,-0.36505997,-1.1387246,-1.48346
41449,-1.0057118,2.0002484,-1.2041706,2.0273445,1.7345695,1.7463553,1.565583,-0.8930425,-0.87879497,-2.079241,-0.36505997,-1.1387246,-1.48346
41443,-1.0057118,2.0002484,-1.2041706,2.0273445,1.7345695,1.7463553,1.565583,-0.8930425,-0.87879497,-2.079241,-0.36505997,-1.1387246,-1.48346
41441,-1.0057118,2.0002484,-1.2041706,2.0273445,1.7345695,1.7463553,1.565583,-0.8930425,-0.87879497,-2.079241,-0.36505997,-1.1387246,-1.48346
41440,-1.0057118,2.0002484,-1.2041706,2.0273445,1.7345695,1.7463553,1.565583,-0.8930425,-0.87879497,-2.079241,-0.36505997,-1.1387246,-1.48346
41422,-1.0057118,2.0002484,-1.2041706,2.0273445,1.7345695,1.7463553,1.565583,-0.8930425,-0.87879497,-2.079241,-0.36505997,-1.1387246,-1.48346
41418,-1.0057118,2.0002484,-1.2041706,2.0273445,1.7345695,1.7463553,1.565583,-0.8930425,-0.87879497,-2.079241,-0.36505997,-1.1387246,-1.48346
41417,-4.659109,8.285402,-5.202688,8.196102,11.007733,7.438468,7.8026953,-5.872495,-5.4899263,-7.134713,-2.9098153,-4.63279,-8.673536
41413,-4.485383,7.86349,-4.7487493,6.859884,10.089491,7.08938,7.5382967,-5.2225795,-4.7424064,-5.4389906,-2.4229379,-3.9459653,-6.66557
41412,-7.8992834,17.144436,-8.591955,13.137087,27.443495,13.138991,17.29152,-10.791613,-12.118003,-11.018216,-6.329036,-12.741354,-19.051231
41410,-1.0057118,2.0002484,-1.2041706,2.0273445,1.7345695,1.7463553,1.565583,-0.8930425,-0.87879497,-2.079241,-0.36505997,-1.1387246,-1.48346
41407,-1.0057118,2.0002484,-1.2041706,2.0273445,1.7345695,1.7463553,1.565583,-0.8930425,-0.87879497,-2.079241,-0.36505997,-1.1387246,-1.48346
41406,-1.0057118,2.0002484,-1.2041706,2.0273445,1.7345695,1.7463553,1.565583,-0.8930425,-0.87879497,-2.079241,-0.36505997,-1.1387246,-1.48346
41405,-1.0057118,2.0002484,-1.2041706,2.0273445,1.7345695,1.7463553,1.565583,-0.8930425,-0.87879497,-2.079241,-0.36505997,-1.1387246,-1.48346
41376,-1.0057118,2.0002484,-1.2041706,2.0273445,1.7345695,1.7463553,1.565583,-0.8930425,-0.87879497,-2.079241,-0.36505997,-1.1387246,-1.48346
41362,-1.0057118,2.0002484,-1.2041706,2.0273445,1.7345695,1.7463553,1.565583,-0.8930425,-0.87879497,-2.079241,-0.36505997,-1.1387246,-1.48346
41358,-1.0057118,2.0002484,-1.2041706,2.0273445,1.7345695,1.7463553,1.565583,-0.8930425,-0.87879497,-2.079241,-0.36505997,-1.1387246,-1.48346
41355,-1.0057118,2.0002484,-1.2041706,2.0273445,1.7345695,1.7463553,1.565583,-0.8930425,-0.87879497,-2.079241,-0.36505997,-1.1387246,-1.48346
41354,-1.0057118,2.0002484,-1.2041706,2.0273445,1.7345695,1.7463553,1.565583,-0.8930425,-0.87879497,-2.079241,-0.36505997,-1.1387246,-1.48346
41352,-1.0057118,2.0002484,-1.2041706,2.0273445,1.7345695,1.7463553,1.565583,-0.8930425,-0.87879497,-2.079241,-0.36505997,-1.1387246,-1.48346
41351,-6.460586,17.677275,-8.385227,12.219707,22.827543,13.840864,13.425354,-8.531919,-8.681666,-10.31242,-7.237567,-9.68436,-18.120817
41349,-1.0057118,2.0002484,-1.2041706,2.0273445,1.7345695,1.7463553,1.565583,-0.8930425,-0.87879497,-2.079241,-0.36505997,-1.1387246,-1.48346
41342,-1.0057118,2.0002484,-1.2041706,2.0273445,1.7345695,1.7463553,1.565583,-0.8930425,-0.87879497,-2.079241,-0.36505997,-1.1387246,-1.48346
41339,-1.0057118,2.0002484,-1.2041706,2.0273445,1.7345695,1.7463553,1.565583,-0.8930425,-0.87879497,-2.079241,-0.36505997,-1.1387246,-1.48346
41331,-1.0057118,2.0002484,-1.2041706,2.0273445,1.7345695,1.7463553,1.565583,-0.8930425,-0.87879497,-2.079241,-0.36505997,-1.1387246,-1.48346
41330,-1.0057118,2.0002484,-1.2041706,2.0273445,1.7345695,1.7463553,1.565583,-0.8930425,-0.87879497,-2.079241,-0.36505997,-1.1387246,-1.48346
41327,-1.0057118,2.0002484,-1.2041706,2.0273445,1.7345695,1.7463553,1.565583,-0.8930425,-0.87879497,-2.079241,-0.36505997,-1.1387246,-1.48346
41320,-5.8555923,14.006383,-6.787265,8.742704,18.828306,12.230003,13.012511,-8.383939,-9.404731,-8.153408,-4.403552,-7.325271,-15.855135
41318,-4.7688465,12.013953,-4.295373,7.657129,12.967884,9.2359915,9.853495,-7.272948,-6.2646427,-9.732314,-5.952948,-6.278604,-13.091919
41317,-1.0057118,2.0002484,-1.2041706,2.0273445,1.7345695,1.7463553,1.565583,-0.8930425,-0.87879497,-2.079241,-0.36505997,-1.1387246,-1.48346
41315,-6.530401,13.417896,-8.115223,9.13444,19.68154,13.578458,13.818784,-9.095786,-9.608247,-7.344818,-4.3830776,-7.9507937,-12.760162
41312,-7.5603538,12.53569,-8.825195,8.306808,18.152054,10.611794,11.834854,-8.050676,-7.4391327,-8.860953,-4.8263555,-6.2467556,-11.789544
41311,-11.22637,15.867131,-13.089616,12.347757,25.002815,14.934386,16.302313,-10.927425,-9.900863,-8.663963,-6.7735014,-9.402978,-14.45993
41303,-7.852445,12.652219,-6.8128977,10.2224245,14.015677,7.2704144,9.724583,-6.451577,-8.230406,-7.027771,-3.815483,-5.323128,-8.48085
41301,-7.3649516,17.20658,-7.817653,12.055609,32.292355,13.7332735,16.084076,-11.797209,-13.806311,-7.1427507,-5.656759,-13.998471,-15.516578
41293,-1.0057118,2.0002484,-1.2041706,2.0273445,1.7345695,1.7463553,1.565583,-0.8930425,-0.87879497,-2.079241,-0.36505997,-1.1387246,-1.48346
41284,-8.024922,18.561378,-7.571436,12.208566,25.927603,15.291194,16.127949,-10.923543,-11.7868595,-10.784387,-6.7876735,-10.713327,-21.020205
41281,-1.0057118,2.0002484,-1.2041706,2.0273445,1.7345695,1.7463553,1.565583,-0.8930425,-0.87879497,-2.079241,-0.36505997,-1.1387246,-1.48346
41276,-1.0057118,2.0002484,-1.2041706,2.0273445,1.7345695,1.7463553,1.565583,-0.8930425,-0.87879497,-2.079241,-0.36505997,-1.1387246,-1.48346
41275,-1.0057118,2.0002484,-1.2041706,2.0273445,1.7345695,1.7463553,1.565583,-0.8930425,-0.87879497,-2.079241,-0.36505997,-1.1387246,-1.48346
41274,-1.0057118,2.0002484,-1.2041706,2.0273445,1.7345695,1.7463553,1.565583,-0.8930425,-0.87879497,-2.079241,-0.36505997,-1.1387246,-1.48346
41273,-6.2139297,9.133969,-5.524044,11.059727,7.007393,8.491875,7.9592633,-7.403759,-6.3424726,-11.007053,-1.3913362,-4.4653974,-7.67455
41272,-1.0057118,2.0002484,-1.2041706,2.0273445,1.7345695,1.7463553,1.565583,-0.8930425,-0.87879497,-2.079241,-0.36505997,-1.1387246,-1.48346
41271,-1.0057118,2.0002484,-1.2041706,2.0273445,1.7345695,1.7463553,1.565583,-0.8930425,-0.87879497,-2.079241,-0.36505997,-1.1387246,-1.48346
41270,-1.0057118,2.0002484,-1.2041706,2.0273445,1.7345695,1.7463553,1.565583,-0.8930425,-0.87879497,-2.079241,-0.36505997,-1.1387246,-1.48346
41269,-1.0057118,2.0002484,-1.2041706,2.0273445,1.7345695,1.7463553,1.565583,-0.8930425,-0.87879497,-2.079241,-0.36505997,-1.1387246,-1.48346
41268,-9.04222,19.684404,-9.987511,14.24268,32.385456,19.282127,21.904848,-14.157357,-14.385274,-10.084168,-6.0121927,-12.041162,-19.731537
41254,-8.590807,16.159666,-9.298834,11.807309,25.083406,13.017324,15.218283,-10.512677,-11.50189,-9.812937,-5.2703195,-10.861943,-16.394339
41253,-1.0057118,2.0002484,-1.2041706,2.0273445,1.7345695,1.7463553,1.565583,-0.8930425,-0.87879497,-2.079241,-0.36505997,-1.1387246,-1.48346
41232,-1.0057118,2.0002484,-1.2041706,2.0273445,1.7345695,1.7463553,1.565583,-0.8930425,-0.87879497,-2.079241,-0.36505997,-1.1387246,-1.48346
41231,-1.0057118,2.0002484,-1.2041706,2.0273445,1.7345695,1.7463553,1.565583,-0.8930425,-0.87879497,-2.079241,-0.36505997,-1.1387246,-1.48346
41229,-1.0057118,2.0002484,-1.2041706,2.0273445,1.7345695,1.7463553,1.565583,-0.8930425,-0.87879497,-2.079241,-0.36505997,-1.1387246,-1.48346
41221,-1.0057118,2.0002484,-1.2041706,2.0273445,1.7345695,1.7463553,1.565583,-0.8930425,-0.87879497,-2.079241,-0.36505997,-1.1387246,-1.48346
41220,-1.0057118,2.0002484,-1.2041706,2.0273445,1.7345695,1.7463553,1.565583,-0.8930425,-0.87879497,-2.079241,-0.36505997,-1.1387246,-1.48346
41215,-1.0057118,2.0002484,-1.2041706,2.0273445,1.7345695,1.7463553,1.565583,-0.8930425,-0.87879497,-2.079241,-0.36505997,-1.1387246,-1.48346
41209,-1.0057118,2.0002484,-1.2041706,2.0273445,1.7345695,1.7463553,1.565583,-0.8930425,-0.87879497,-2.079241,-0.36505997,-1.1387246,-1.48346
41208,-7.1510444,12.266926,-8.668492,9.963574,20.968676,10.370065,12.829455,-7.7719784,-8.839517,-8.486093,-3.9643197,-6.761843,-12.247148
41203,-5.0933623,9.900807,-4.2306314,9.0366335,10.446837,7.0933022,8.990122,-5.240107,-5.5624294,-9.519501,-4.0875115,-6.157855,-10.319687
41202,-6.3856816,9.623302,-7.1776543,5.2187405,11.896711,6.794767,9.975278,-4.797578,-5.083762,-4.912081,-2.4481387,-2.9280572,-8.428104
41201,-7.440431,16.278316,-9.99973,11.032069,22.992107,12.8168545,14.194586,-10.702747,-11.674574,-9.501259,-5.442069,-9.456471,-17.117104
41199,-8.93373,16.586704,-8.01471,11.6328745,28.128944,15.585925,17.830097,-12.689009,-14.085896,-7.5581226,-4.918226,-11.09379,-16.263018
41195,-1.0057118,2.0002484,-1.2041706,2.0273445,1.7345695,1.7463553,1.565583,-0.8930425,-0.87879497,-2.079241,-0.36505997,-1.1387246,-1.48346
41194,-8.4782715,17.301262,-7.9496512,12.807994,23.585737,14.543254,14.998044,-11.133653,-12.119303,-8.992082,-6.188525,-12.400858,-18.989737
41192,-1.0057118,2.0002484,-1.2041706,2.0273445,1.7345695,1.7463553,1.565583,-0.8930425,-0.87879497,-2.079241,-0.36505997,-1.1387246,-1.48346
41190,-1.0057118,2.0002484,-1.2041706,2.0273445,1.7345695,1.7463553,1.565583,-0.8930425,-0.87879497,-2.079241,-0.36505997,-1.1387246,-1.48346
41189,-10.489286,16.231873,-12.245127,10.524555,22.40533,15.573857,17.296354,-14.423393,-12.757356,-3.1568272,-4.6774764,-10.670059,-12.340417
41185,-5.034795,10.381793,-8.671487,6.1578174,11.970366,8.681157,10.174658,-4.8772182,-4.987877,-5.1237955,-3.3263125,-4.472479,-10.169947
41184,-1.0057118,2.0002484,-1.2041706,2.0273445,1.7345695,1.7463553,1.565583,-0.8930425,-0.87879497,-2.079241,-0.36505997,-1.1387246,-1.48346
41183,-1.0057118,2.0002484,-1.2041706,2.0273445,1.7345695,1.7463553,1.565583,-0.8930425,-0.87879497,-2.079241,-0.36505997,-1.1387246,-1.48346
41182,-1.0057118,2.0002484,-1.2041706,2.0273445,1.7345695,1.7463553,1.565583,-0.8930425,-0.87879497,-2.079241,-0.36505997,-1.1387246,-1.48346
41181,-1.0057118,2.0002484,-1.2041706,2.0273445,1.7345695,1.7463553,1.565583,-0.8930425,-0.87879497,-2.079241,-0.36505997,-1.1387246,-1.48346
41180,-1.0057118,2.0002484,-1.2041706,2.0273445,1.7345695,1.7463553,1.565583,-0.8930425,-0.87879497,-2.079241,-0.36505997,-1.1387246,-1.48346
41176,-1.0057118,2.0002484,-1.2041706,2.0273445,1.7345695,1.7463553,1.565583,-0.8930425,-0.87879497,-2.079241,-0.36505997,-1.1387246,-1.48346
41172,-1.0057118,2.0002484,-1.2041706,2.0273445,1.7345695,1.7463553,1.565583,-0.8930425,-0.87879497,-2.079241,-0.36505997,-1.1387246,-1.48346
41170,-5.5404305,10.7435055,-4.904039,9.121801,10.34527,10.613496,12.579605,-9.841687,-12.102149,-5.713473,-3.1162562,-5.7220807,-12.155634
41168,-1.0057118,2.0002484,-1.2041706,2.0273445,1.7345695,1.7463553,1.565583,-0.8930425,-0.87879497,-2.079241,-0.36505997,-1.1387246,-1.48346
41164,-6.9133058,12.9239,-7.643965,6.1660166,14.830664,11.75057,11.817787,-7.9510756,-7.546202,-7.026683,-3.25165,-4.6333714,-11.859215
41163,-6.9735055,11.548219,-7.2118645,7.7394156,12.896189,12.3911705,11.616955,-9.699864,-9.460667,-6.711998,-2.7043715,-5.3146214,-11.675229
41162,-6.79515,12.379553,-6.9413753,8.589183,17.670322,11.638616,10.728021,-7.424366,-8.236202,-7.610926,-4.019555,-6.306355,-10.900575
41155,-5.555806,9.583529,-6.2459817,7.424406,13.359423,8.85479,9.163027,-6.3913937,-6.4195924,-6.841266,-2.889084,-5.6809487,-9.382458
41154,-1.0057118,2.0002484,-1.2041706,2.0273445,1.7345695,1.7463553,1.565583,-0.8930425,-0.87879497,-2.079241,-0.36505997,-1.1387246,-1.48346
41148,-1.0057118,2.0002484,-1.2041706,2.0273445,1.7345695,1.7463553,1.565583,-0.8930425,-0.87879497,-2.079241,-0.36505997,-1.1387246,-1.48346
41147,-1.0057118,2.0002484,-1.2041706,2.0273445,1.7345695,1.7463553,1.565583,-0.8930425,-0.87879497,-2.079241,-0.36505997,-1.1387246,-1.48346
41145,-1.0057118,2.0002484,-1.2041706,2.0273445,1.7345695,1.7463553,1.565583,-0.8930425,-0.87879497,-2.079241,-0.36505997,-1.1387246,-1.48346
41144,-1.0057118,2.0002484,-1.2041706,2.0273445,1.7345695,1.7463553,1.565583,-0.8930425,-0.87879497,-2.079241,-0.36505997,-1.1387246,-1.48346
41141,-1.0057118,2.0002484,-1.2041706,2.0273445,1.7345695,1.7463553,1.565583,-0.8930425,-0.87879497,-2.079241,-0.36505997,-1.1387246,-1.48346
41136,-6.4461823,15.329839,-5.30894,10.19714,24.721334,13.65892,16.509466,-11.495358,-11.759306,-5.1313925,-4.754378,-11.149079,-14.930851
41134,-1.0057118,2.0002484,-1.2041706,2.0273445,1.7345695,1.7463553,1.565583,-0.8930425,-0.87879497,-2.079241,-0.36505997,-1.1387246,-1.48346
41131,-1.0057118,2.0002484,-1.2041706,2.0273445,1.7345695,1.7463553,1.565583,-0.8930425,-0.87879497,-2.079241,-0.36505997,-1.1387246,-1.48346
41129,-3.9447298,7.460714,-4.1491184,4.9514604,7.6927147,8.819687,9.184157,-6.9118824,-5.8593597,-3.164107,-1.4563476,-2.9186156,-7.6164937
41127,-1.0057118,2.0002484,-1.2041706,2.0273445,1.7345695,1.7463553,1.565583,-0.8930425,-0.87879497,-2.079241,-0.36505997,-1.1387246,-1.48346
41116,-1.0057118,2.0002484,-1.2041706,2.0273445,1.7345695,1.7463553,1.565583,-0.8930425,-0.87879497,-2.079241,-0.36505997,-1.1387246,-1.48346
41106,-8.89971,18.35028,-6.355129,11.644633,26.957396,13.533448,15.287626,-10.284272,-14.0588,-7.1172643,-5.5624547,-13.211918,-17.090117
41105,-6.440631,10.510611,-5.707993,7.721435,12.260709,11.102014,9.603533,-6.8207445,-7.9360743,-6.5220084,-4.370056,-4.9218345,-9.337602
41102,-8.033841,12.316504,-8.272144,9.665907,19.552963,10.229961,10.549329,-7.7169595,-8.757987,-7.146541,-3.7511728,-8.102524,-10.566867
41087,-1.0057118,2.0002484,-1.2041706,2.0273445,1.7345695,1.7463553,1.565583,-0.8930425,-0.87879497,-2.079241,-0.36505997,-1.1387246,-1.48346
41085,-10.176661,13.7931,-10.183509,11.623222,19.541145,10.869407,11.366698,-7.5427904,-10.849164,-8.246303,-4.4922667,-8.67358,-10.244263
41083,-1.0057118,2.0002484,-1.2041706,2.0273445,1.7345695,1.7463553,1.565583,-0.8930425,-0.87879497,-2.079241,-0.36505997,-1.1387246,-1.48346
41082,-1.0057118,2.0002484,-1.2041706,2.0273445,1.7345695,1.7463553,1.565583,-0.8930425,-0.87879497,-2.079241,-0.36505997,-1.1387246,-1.48346
41081,-5.7640295,11.88861,-5.727801,12.069313,14.037348,11.977299,12.730173,-14.303159,-13.287415,-6.5485086,-3.7662024,-7.3986588,-10.684442
41080,-1.0057118,2.0002484,-1.2041706,2.0273445,1.7345695,1.7463553,1.565583,-0.8930425,-0.87879497,-2.079241,-0.36505997,-1.1387246,-1.48346
41079,-7.6811852,12.805269,-13.518185,6.3219886,10.6592655,11.321566,10.296951,-5.0832715,-4.04845,-6.7034163,-3.1312296,-5.446626,-9.717343
41078,-1.0057118,2.0002484,-1.2041706,2.0273445,1.7345695,1.7463553,1.565583,-0.8930425,-0.87879497,-2.079241,-0.36505997,-1.1387246,-1.48346
41071,-1.0057118,2.0002484,-1.2041706,2.0273445,1.7345695,1.7463553,1.565583,-0.8930425,-0.87879497,-2.079241,-0.36505997,-1.1387246,-1.48346
41070,-9.645038,14.197881,-7.9617834,11.457846,18.724503,9.825755,12.534054,-8.345679,-7.6802726,-12.436249,-4.575867,-8.531622,-11.053583
41069,-1.0057118,2.0002484,-1.2041706,2.0273445,1.7345695,1.7463553,1.565583,-0.8930425,-0.87879497,-2.079241,-0.36505997,-1.1387246,-1.48346
41068,-7.625518,13.933076,-6.3691144,9.630776,15.931605,10.590652,10.784374,-4.2348046,-6.945792,-6.828261,-6.295121,-7.1041455,-8.437109
41059,-6.826546,12.888686,-8.000466,7.832827,16.796835,8.652449,10.891212,-6.440294,-6.753876,-5.4789352,-4.8589926,-7.525217,-11.95876
41048,-8.946556,14.932735,-8.698226,8.644438,18.111088,11.345537,13.8278475,-8.195035,-9.988011,-6.93444,-3.9643004,-8.202765,-12.120372
41046,-7.268138,12.7544155,-7.772876,8.214169,18.528778,10.794908,12.629324,-8.831387,-9.880343,-6.442661,-2.6584022,-7.4410567,-11.791819
41045,-9.348253,18.23176,-8.8053,11.587074,26.286411,17.9336,18.817541,-14.017846,-13.275383,-7.1132517,-3.7879205,-10.280556,-15.689292
41044,-1.0057118,2.0002484,-1.2041706,2.0273445,1.7345695,1.7463553,1.565583,-0.8930425,-0.87879497,-2.079241,-0.36505997,-1.1387246,-1.48346
41043,-1.0057118,2.0002484,-1.2041706,2.0273445,1.7345695,1.7463553,1.565583,-0.8930425,-0.87879497,-2.079241,-0.36505997,-1.1387246,-1.48346
41034,-8.786392,21.229593,-17.325048,14.573541,34.824535,17.015305,22.384014,-11.96567,-12.040803,-10.834986,-7.8544903,-13.655397,-20.102549
41031,-1.0057118,2.0002484,-1.2041706,2.0273445,1.7345695,1.7463553,1.565583,-0.8930425,-0.87879497,-2.079241,-0.36505997,-1.1387246,-1.48346
41027,-1.0057118,2.0002484,-1.2041706,2.0273445,1.7345695,1.7463553,1.565583,-0.8930425,-0.87879497,-2.079241,-0.36505997,-1.1387246,-1.48346
41025,-7.173579,14.954934,-6.7340293,13.206067,18.350325,11.902912,12.60534,-6.808671,-10.518199,-10.227498,-6.4552503,-7.8105865,-12.695627
41016,-1.0057118,2.0002484,-1.2041706,2.0273445,1.7345695,1.7463553,1.565583,-0.8930425,-0.87879497,-2.079241,-0.36505997,-1.1387246,-1.48346
41015,-1.0057118,2.0002484,-1.2041706,2.0273445,1.7345695,1.7463553,1.565583,-0.8930425,-0.87879497,-2.079241,-0.36505997,-1.1387246,-1.48346
41011,-1.0057118,2.0002484,-1.2041706,2.0273445,1.7345695,1.7463553,1.565583,-0.8930425,-0.87879497,-2.079241,-0.36505997,-1.1387246,-1.48346
41009,-7.7491946,13.575752,-6.148191,8.443774,15.557096,13.107522,12.994905,-9.493011,-9.548969,-5.9349737,-3.1134496,-7.6176624,-12.241621
41006,-1.0057118,2.0002484,-1.2041706,2.0273445,1.7345695,1.7463553,1.565583,-0.8930425,-0.87879497,-2.079241,-0.36505997,-1.1387246,-1.48346
40986,-5.5089655,7.7823753,-4.8208528,7.1421866,7.370054,11.199742,8.98227,-10.579834,-7.815095,-5.2314153,-2.9530494,-4.3096623,-7.3604465
40984,-1.0057118,2.0002484,-1.2041706,2.0273445,1.7345695,1.7463553,1.565583,-0.8930425,-0.87879497,-2.079241,-0.36505997,-1.1387246,-1.48346
40978,-1.0057118,2.0002484,-1.2041706,2.0273445,1.7345695,1.7463553,1.565583,-0.8930425,-0.87879497,-2.079241,-0.36505997,-1.1387246,-1.48346
40974,-1.0057118,2.0002484,-1.2041706,2.0273445,1.7345695,1.7463553,1.565583,-0.8930425,-0.87879497,-2.079241,-0.36505997,-1.1387246,-1.48346
40966,-7.0768037,12.021926,-7.91036,7.0722175,13.407974,13.260964,13.019473,-8.011246,-7.042441,-6.3044186,-4.2603035,-5.4500074,-10.885674
40965,-5.2897696,7.7301493,-4.6744623,8.803104,8.151284,10.737958,8.958498,-10.9183,-8.262136,-5.171931,-3.1521356,-4.2104774,-6.959405
40961,-1.0057118,2.0002484,-1.2041706,2.0273445,1.7345695,1.7463553,1.565583,-0.8930425,-0.87879497,-2.079241,-0.36505997,-1.1387246,-1.48346
40956,-1.0057118,2.0002484,-1.2041706,2.0273445,1.7345695,1.7463553,1.565583,-0.8930425,-0.87879497,-2.079241,-0.36505997,-1.1387246,-1.48346
40955,-1.0057118,2.0002484,-1.2041706,2.0273445,1.7345695,1.7463553,1.565583,-0.8930425,-0.87879497,-2.079241,-0.36505997,-1.1387246,-1.48346
40954,-1.0057118,2.0002484,-1.2041706,2.0273445,1.7345695,1.7463553,1.565583,-0.8930425,-0.87879497,-2.079241,-0.36505997,-1.1387246,-1.48346
40945,-1.0057118,2.0002484,-1.2041706,2.0273445,1.7345695,1.7463553,1.565583,-0.8930425,-0.87879497,-2.079241,-0.36505997,-1.1387246,-1.48346
40944,-1.0057118,2.0002484,-1.2041706,2.0273445,1.7345695,1.7463553,1.565583,-0.8930425,-0.87879497,-2.079241,-0.36505997,-1.1387246,-1.48346
40943,-1.0057118,2.0002484,-1.2041706,2.0273445,1.7345695,1.7463553,1.565583,-0.8930425,-0.87879497,-2.079241,-0.36505997,-1.1387246,-1.48346
40941,-1.0057118,2.0002484,-1.2041706,2.0273445,1.7345695,1.7463553,1.565583,-0.8930425,-0.87879497,-2.079241,-0.36505997,-1.1387246,-1.48346
40939,-6.256481,11.0842,-7.708909,8.361379,12.313899,10.505582,10.450954,-6.680478,-6.6754904,-7.88988,-3.6965199,-5.910302,-8.341254
40937,-5.6261497,8.83128,-4.345912,7.4886184,7.8661795,8.367751,8.508611,-6.741467,-6.3572583,-6.9491816,-2.7771382,-5.217095,-6.9256716
40934,-1.0057118,2.0002484,-1.2041706,2.0273445,1.7345695,1.7463553,1.565583,-0.8930425,-0.87879497,-2.079241,-0.36505997,-1.1387246,-1.48346
40933,-1.0057118,2.0002484,-1.2041706,2.0273445,1.7345695,1.7463553,1.565583,-0.8930425,-0.87879497,-2.079241,-0.36505997,-1.1387246,-1.48346
40932,-1.0057118,2.0002484,-1.2041706,2.0273445,1.7345695,1.7463553,1.565583,-0.8930425,-0.87879497,-2.079241,-0.36505997,-1.1387246,-1.48346
40931,-1.0057118,2.0002484,-1.2041706,2.0273445,1.7345695,1.7463553,1.565583,-0.8930425,-0.87879497,-2.079241,-0.36505997,-1.1387246,-1.48346
40930,-1.0057118,2.0002484,-1.2041706,2.0273445,1.7345695,1.7463553,1.565583,-0.8930425,-0.87879497,-2.079241,-0.36505997,-1.1387246,-1.48346
40920,-1.0057118,2.0002484,-1.2041706,2.0273445,1.7345695,1.7463553,1.565583,-0.8930425,-0.87879497,-2.079241,-0.36505997,-1.1387246,-1.48346
40916,-1.0057118,2.0002484,-1.2041706,2.0273445,1.7345695,1.7463553,1.565583,-0.8930425,-0.87879497,-2.079241,-0.36505997,-1.1387246,-1.48346
40911,-1.0057118,2.0002484,-1.2041706,2.0273445,1.7345695,1.7463553,1.565583,-0.8930425,-0.87879497,-2.079241,-0.36505997,-1.1387246,-1.48346
40899,-1.0057118,2.0002484,-1.2041706,2.0273445,1.7345695,1.7463553,1.565583,-0.8930425,-0.87879497,-2.079241,-0.36505997,-1.1387246,-1.48346
40892,-1.0057118,2.0002484,-1.2041706,2.0273445,1.7345695,1.7463553,1.565583,-0.8930425,-0.87879497,-2.079241,-0.36505997,-1.1387246,-1.48346
40884,-1.0057118,2.0002484,-1.2041706,2.0273445,1.7345695,1.7463553,1.565583,-0.8930425,-0.87879497,-2.079241,-0.36505997,-1.1387246,-1.48346
40881,-1.0057118,2.0002484,-1.2041706,2.0273445,1.7345695,1.7463553,1.565583,-0.8930425,-0.87879497,-2.079241,-0.36505997,-1.1387246,-1.48346
40872,-5.4332714,8.67419,-5.1820273,8.306022,9.578508,7.93208,8.222858,-6.006812,-6.144453,-7.351443,-3.340818,-2.512815,-9.555108
40871,-1.0057118,2.0002484,-1.2041706,2.0273445,1.7345695,1.7463553,1.565583,-0.8930425,-0.87879497,-2.079241,-0.36505997,-1.1387246,-1.48346
40870,-14.571255,19.443926,-16.175219,13.785669,31.377905,11.135123,16.49859,-10.656873,-11.043726,-14.562832,-6.956036,-12.179998,-14.511588
40868,-7.4081283,15.22857,-8.365327,10.925775,22.417236,13.260354,12.584085,-9.991294,-10.113523,-9.113514,-4.1354384,-8.683666,-13.581703
40861,-1.0057118,2.0002484,-1.2041706,2.0273445,1.7345695,1.7463553,1.565583,-0.8930425,-0.87879497,-2.079241,-0.36505997,-1.1387246,-1.48346
40857,-1.0057118,2.0002484,-1.2041706,2.0273445,1.7345695,1.7463553,1.565583,-0.8930425,-0.87879497,-2.079241,-0.36505997,-1.1387246,-1.48346
40854,-8.280477,12.349242,-7.829424,7.799305,15.549392,10.272488,11.801951,-9.856491,-9.869922,-5.1133714,-1.9740278,-7.578761,-9.299667
40851,-12.5728445,14.865943,-9.999126,13.401845,15.108622,18.686802,15.655545,-10.953697,-11.801727,-10.094015,-5.355314,-7.7539186,-11.587517
40850,-1.0057118,2.0002484,-1.2041706,2.0273445,1.7345695,1.7463553,1.565583,-0.8930425,-0.87879497,-2.079241,-0.36505997,-1.1387246,-1.48346
40849,-1.0057118,2.0002484,-1.2041706,2.0273445,1.7345695,1.7463553,1.565583,-0.8930425,-0.87879497,-2.079241,-0.36505997,-1.1387246,-1.48346
40842,-1.0057118,2.0002484,-1.2041706,2.0273445,1.7345695,1.7463553,1.565583,-0.8930425,-0.87879497,-2.079241,-0.36505997,-1.1387246,-1.48346
40840,-1.0057118,2.0002484,-1.2041706,2.0273445,1.7345695,1.7463553,1.565583,-0.8930425,-0.87879497,-2.079241,-0.36505997,-1.1387246,-1.48346
40838,-1.0057118,2.0002484,-1.2041706,2.0273445,1.7345695,1.7463553,1.565583,-0.8930425,-0.87879497,-2.079241,-0.36505997,-1.1387246,-1.48346
40837,-1.0057118,2.0002484,-1.2041706,2.0273445,1.7345695,1.7463553,1.565583,-0.8930425,-0.87879497,-2.079241,-0.36505997,-1.1387246,-1.48346
40836,-1.0057118,2.0002484,-1.2041706,2.0273445,1.7345695,1.7463553,1.565583,-0.8930425,-0.87879497,-2.079241,-0.36505997,-1.1387246,-1.48346
40835,-1.0057118,2.0002484,-1.2041706,2.0273445,1.7345695,1.7463553,1.565583,-0.8930425,-0.87879497,-2.079241,-0.36505997,-1.1387246,-1.48346
40826,-1.0057118,2.0002484,-1.2041706,2.0273445,1.7345695,1.7463553,1.565583,-0.8930425,-0.87879497,-2.079241,-0.36505997,-1.1387246,-1.48346
40821,-1.0057118,2.0002484,-1.2041706,2.0273445,1.7345695,1.7463553,1.565583,-0.8930425,-0.87879497,-2.079241,-0.36505997,-1.1387246,-1.48346
40819,-1.0057118,2.0002484,-1.2041706,2.0273445,1.7345695,1.7463553,1.565583,-0.8930425,-0.87879497,-2.079241,-0.36505997,-1.1387246,-1.48346
40813,-1.0057118,2.0002484,-1.2041706,2.0273445,1.7345695,1.7463553,1.565583,-0.8930425,-0.87879497,-2.079241,-0.36505997,-1.1387246,-1.48346
40788,-1.0057118,2.0002484,-1.2041706,2.0273445,1.7345695,1.7463553,1.565583,-0.8930425,-0.87879497,-2.079241,-0.36505997,-1.1387246,-1.48346
40786,-1.0057118,2.0002484,-1.2041706,2.0273445,1.7345695,1.7463553,1.565583,-0.8930425,-0.87879497,-2.079241,-0.36505997,-1.1387246,-1.48346
40781,-1.0057118,2.0002484,-1.2041706,2.0273445,1.7345695,1.7463553,1.565583,-0.8930425,-0.87879497,-2.079241,-0.36505997,-1.1387246,-1.48346
40772,-1.0057118,2.0002484,-1.2041706,2.0273445,1.7345695,1.7463553,1.565583,-0.8930425,-0.87879497,-2.079241,-0.36505997,-1.1387246,-1.48346
40771,-7.0944304,14.476413,-9.546537,11.564144,26.490038,13.125352,12.914561,-8.066841,-10.290893,-9.736858,-6.2356234,-10.191874,-13.971537
40768,-5.861232,8.582769,-5.06873,6.8203597,9.943183,6.4092393,8.931927,-4.8822,-5.303207,-5.5573626,-2.742243,-3.4956996,-5.9021378
40764,-1.0057118,2.0002484,-1.2041706,2.0273445,1.7345695,1.7463553,1.565583,-0.8930425,-0.87879497,-2.079241,-0.36505997,-1.1387246,-1.48346
40757,-1.0057118,2.0002484,-1.2041706,2.0273445,1.7345695,1.7463553,1.565583,-0.8930425,-0.87879497,-2.079241,-0.36505997,-1.1387246,-1.48346
40753,-1.0057118,2.0002484,-1.2041706,2.0273445,1.7345695,1.7463553,1.565583,-0.8930425,-0.87879497,-2.079241,-0.36505997,-1.1387246,-1.48346
40746,-1.0057118,2.0002484,-1.2041706,2.0273445,1.7345695,1.7463553,1.565583,-0.8930425,-0.87879497,-2.079241,-0.36505997,-1.1387246,-1.48346
40743,-1.0057118,2.0002484,-1.2041706,2.0273445,1.7345695,1.7463553,1.565583,-0.8930425,-0.87879497,-2.079241,-0.36505997,-1.1387246,-1.48346
40738,-1.0057118,2.0002484,-1.2041706,2.0273445,1.7345695,1.7463553,1.565583,-0.8930425,-0.87879497,-2.079241,-0.36505997,-1.1387246,-1.48346
40726,-1.0057118,2.0002484,-1.2041706,2.0273445,1.7345695,1.7463553,1.565583,-0.8930425,-0.87879497,-2.079241,-0.36505997,-1.1387246,-1.48346
40722,-1.0057118,2.0002484,-1.2041706,2.0273445,1.7345695,1.7463553,1.565583,-0.8930425,-0.87879497,-2.079241,-0.36505997,-1.1387246,-1.48346
40711,-1.0057118,2.0002484,-1.2041706,2.0273445,1.7345695,1.7463553,1.565583,-0.8930425,-0.87879497,-2.079241,-0.36505997,-1.1387246,-1.48346
40696,-1.0057118,2.0002484,-1.2041706,2.0273445,1.7345695,1.7463553,1.565583,-0.8930425,-0.87879497,-2.079241,-0.36505997,-1.1387246,-1.48346
40695,-1.0057118,2.0002484,-1.2041706,2.0273445,1.7345695,1.7463553,1.565583,-0.8930425,-0.87879497,-2.079241,-0.36505997,-1.1387246,-1.48346
40691,-1.0057118,2.0002484,-1.2041706,2.0273445,1.7345695,1.7463553,1.565583,-0.8930425,-0.87879497,-2.079241,-0.36505997,-1.1387246,-1.48346
40683,-5.4843926,15.780175,-4.9952006,12.014768,20.92933,11.875952,13.303043,-10.649465,-9.005467,-15.225601,-5.905805,-9.571704,-18.288696
40682,-1.0057118,2.0002484,-1.2041706,2.0273445,1.7345695,1.7463553,1.565583,-0.8930425,-0.87879497,-2.079241,-0.36505997,-1.1387246,-1.48346
40681,-11.979079,13.997678,-9.130255,10.265204,22.052725,11.137479,14.037049,-10.523405,-11.79104,-7.494437,-4.41183,-8.712038,-10.993206
40650,-9.791904,14.210828,-9.698504,11.584997,25.1545,11.270975,11.609907,-9.384164,-10.752027,-8.418583,-3.9764874,-9.734063,-11.654796
40633,-1.0057118,2.0002484,-1.2041706,2.0273445,1.7345695,1.7463553,1.565583,-0.8930425,-0.87879497,-2.079241,-0.36505997,-1.1387246,-1.48346
40618,-1.0057118,2.0002484,-1.2041706,2.0273445,1.7345695,1.7463553,1.565583,-0.8930425,-0.87879497,-2.079241,-0.36505997,-1.1387246,-1.48346
40613,-1.0057118,2.0002484,-1.2041706,2.0273445,1.7345695,1.7463553,1.565583,-0.8930425,-0.87879497,-2.079241,-0.36505997,-1.1387246,-1.48346
40612,-1.0057118,2.0002484,-1.2041706,2.0273445,1.7345695,1.7463553,1.565583,-0.8930425,-0.87879497,-2.079241,-0.36505997,-1.1387246,-1.48346
40611,-7.5449414,21.5046,-9.337507,12.003188,31.276495,18.707369,20.783594,-14.838406,-14.885302,-11.51309,-7.356235,-13.336255,-24.900024
40608,-1.0057118,2.0002484,-1.2041706,2.0273445,1.7345695,1.7463553,1.565583,-0.8930425,-0.87879497,-2.079241,-0.36505997,-1.1387246,-1.48346
40580,-7.918044,16.338663,-5.1301236,10.984965,20.022594,17.496752,15.227161,-11.716028,-12.005012,-8.011685,-4.7817864,-9.8142,-17.578032
40575,-6.2114053,12.864522,-6.650415,7.551921,16.06211,11.832499,10.7202215,-7.2276716,-7.544714,-5.141922,-4.0654907,-7.267546,-11.374697
40571,-1.0057118,2.0002484,-1.2041706,2.0273445,1.7345695,1.7463553,1.565583,-0.8930425,-0.87879497,-2.079241,-0.36505997,-1.1387246,-1.48346
40568,-1.0057118,2.0002484,-1.2041706,2.0273445,1.7345695,1.7463553,1.565583,-0.8930425,-0.87879497,-2.079241,-0.36505997,-1.1387246,-1.48346
40566,-1.0057118,2.0002484,-1.2041706,2.0273445,1.7345695,1.7463553,1.565583,-0.8930425,-0.87879497,-2.079241,-0.36505997,-1.1387246,-1.48346
40555,-1.0057118,2.0002484,-1.2041706,2.0273445,1.7345695,1.7463553,1.565583,-0.8930425,-0.87879497,-2.079241,-0.36505997,-1.1387246,-1.48346
40553,-1.0057118,2.0002484,-1.2041706,2.0273445,1.7345695,1.7463553,1.565583,-0.8930425,-0.87879497,-2.079241,-0.36505997,-1.1387246,-1.48346
40544,-1.0057118,2.0002484,-1.2041706,2.0273445,1.7345695,1.7463553,1.565583,-0.8930425,-0.87879497,-2.079241,-0.36505997,-1.1387246,-1.48346
40542,-1.0057118,2.0002484,-1.2041706,2.0273445,1.7345695,1.7463553,1.565583,-0.8930425,-0.87879497,-2.079241,-0.36505997,-1.1387246,-1.48346
40539,-7.964425,14.103132,-8.167608,11.742366,23.910255,13.245614,13.900029,-10.6729765,-11.518525,-9.021933,-3.3370614,-7.9367013,-13.756018
40533,-1.0057118,2.0002484,-1.2041706,2.0273445,1.7345695,1.7463553,1.565583,-0.8930425,-0.87879497,-2.079241,-0.36505997,-1.1387246,-1.48346
40528,-1.0046438,1.9988246,-1.2033569,2.025808,1.7328115,1.7448803,1.5639656,-0.8923347,-0.87801117,-2.0774724,-0.3647306,-1.1376224,-1.4823817
40515,-1.0046438,1.9988246,-1.2033569,2.025808,1.7328115,1.7448803,1.5639656,-0.8923347,-0.87801117,-2.0774724,-0.3647306,-1.1376224,-1.4823817
40501,-1.0046438,1.9988246,-1.2033569,2.025808,1.7328115,1.7448803,1.5639656,-0.8923347,-0.87801117,-2.0774724,-0.3647306,-1.1376224,-1.4823817
40492,-1.0046438,1.9988246,-1.2033569,2.025808,1.7328115,1.7448803,1.5639656,-0.8923347,-0.87801117,-2.0774724,-0.3647306,-1.1376224,-1.4823817
40483,-8.758212,18.359173,-9.785288,14.452104,32.010445,14.774923,17.349459,-11.79785,-13.670395,-10.757309,-5.787882,-12.782709,-19.36394
40482,-1.0046438,1.9988246,-1.2033569,2.025808,1.7328115,1.7448803,1.5639656,-0.8923347,-0.87801117,-2.0774724,-0.3647306,-1.1376224,-1.4823817
40473,-1.0046438,1.9988246,-1.2033569,2.025808,1.7328115,1.7448803,1.5639656,-0.8923347,-0.87801117,-2.0774724,-0.3647306,-1.1376224,-1.4823817
40461,-1.0046438,1.9988246,-1.2033569,2.025808,1.7328115,1.7448803,1.5639656,-0.8923347,-0.87801117,-2.0774724,-0.3647306,-1.1376224,-1.4823817
40458,-1.0046438,1.9988246,-1.2033569,2.025808,1.7328115,1.7448803,1.5639656,-0.8923347,-0.87801117,-2.0774724,-0.3647306,-1.1376224,-1.4823817
40443,-1.0046438,1.9988246,-1.2033569,2.025808,1.7328115,1.7448803,1.5639656,-0.8923347,-0.87801117,-2.0774724,-0.3647306,-1.1376224,-1.4823817
39251,-6.196612,8.610693,-7.30329,5.0129776,9.522474,6.324464,8.122093,-2.4555516,-3.5403028,-4.8701515,-3.13671,-2.7805412,-5.8826456
